<eagle version="6.4"><drawing><settings><setting alwaysvectorfont="no" verticaltext="up"/></settings><grid altunit="inch" altunitdist="inch" altdistance="0.025" display="no" multiple="1" style="lines" unit="inch" unitdist="inch" distance="0.05"/><layers><layer active="yes" visible="yes" fill="1" color="1" name="Reference" number="49"/><layer active="yes" visible="yes" fill="1" color="6" name="tPlace" number="25"/><layer active="yes" visible="yes" fill="1" color="2" name="tDocu" number="21"/><layer active="yes" visible="yes" fill="1" color="2" name="tCream" number="31"/><layer active="yes" visible="yes" fill="1" color="4" name="TOP" number="1"/><layer active="yes" visible="yes" fill="1" color="15" name="tStop" number="29"/><layer active="yes" visible="yes" fill="1" color="1" name="BOTTOM" number="16"/><layer active="yes" visible="yes" fill="1" color="7" name="bStop" number="30"/><layer active="yes" visible="yes" fill="1" color="7" name="bCream" number="32"/><layer active="yes" visible="yes" fill="1" color="3" name="bDocu" number="22"/><layer active="yes" visible="yes" fill="1" color="3" name="bPlace" number="26"/><layer active="yes" visible="yes" fill="1" color="5" name="Holes" number="45"/><layer active="yes" visible="yes" fill="1" color="5" name="Info" number="97"/><layer active="yes" visible="yes" fill="1" color="5" name="Guide" number="98"/><layer active="yes" visible="yes" fill="1" color="4" name="tValues" number="27"/><layer active="yes" visible="yes" fill="1" color="4" name="bValues" number="28"/><layer active="yes" visible="yes" fill="1" color="4" name="INTERNAL1" number="2"/><layer active="yes" visible="yes" fill="1" color="6" name="INTERNAL2" number="3"/><layer active="yes" visible="yes" fill="1" color="5" name="INTERNAL3" number="4"/><layer active="yes" visible="yes" fill="1" color="5" name="INTERNAL4" number="5"/><layer active="yes" visible="yes" fill="1" color="1" name="INTERNAL5" number="6"/><layer active="yes" visible="yes" fill="1" color="1" name="INTERNAL6" number="7"/><layer active="yes" visible="yes" fill="1" color="1" name="INTERNAL7" number="8"/><layer active="yes" visible="yes" fill="1" color="1" name="INTERNAL8" number="9"/><layer active="yes" visible="yes" fill="1" color="2" name="Values" number="96"/><layer active="yes" visible="yes" fill="1" color="1" name="FAB" number="49"/><layer active="yes" visible="yes" fill="1" color="1" name="ASSEMBLY_DETAIL" number="49"/><layer active="yes" visible="yes" fill="1" color="1" name="BOARD_OUTLINE" number="49"/><layer active="yes" visible="yes" fill="1" color="1" name="CopyRight" number="49"/><layer active="yes" visible="yes" fill="1" color="1" name="BRDOUT" number="20"/><layer active="yes" visible="yes" fill="1" color="1" name="NOTES" number="48"/><layer active="yes" visible="yes" fill="1" color="1" name="ASSYNOTES" number="21"/><layer active="yes" visible="yes" fill="1" color="1" name="STACKUP" number="46"/></layers><board><plain><wire layer="49" width="0.0254" y2="58.42" x2="25.4" y1="25.4" x1="25.4"/><wire layer="49" width="0.1016" y2="58.42" x2="25.4" y1="25.4" x1="25.4"/><wire layer="49" width="0.0254" y2="58.42" x2="49.53" y1="58.42" x1="25.4"/><wire layer="49" width="0.1016" y2="58.42" x2="49.53" y1="58.42" x1="25.4"/><wire layer="49" width="0.0254" y2="25.4" x2="49.53" y1="58.42" x1="49.53"/><wire layer="49" width="0.1016" y2="25.4" x2="49.53" y1="58.42" x1="49.53"/><wire layer="49" width="0.0254" y2="25.4" x2="25.4" y1="25.4" x1="49.53"/><wire layer="49" width="0.1016" y2="25.4" x2="25.4" y1="25.4" x1="49.53"/><text align="bottom-left" rot="MR0" layer="22" size="1.778" y="51.943" x="42.672">Design Rule:</text><text align="bottom-left" rot="MR0" layer="22" size="1.778" y="50.546" x="42.799">Min. Clearance: 10mil</text><text align="bottom-left" rot="MR0" layer="22" size="1.778" y="49.53" x="42.926">Min. Track Width: 10mil</text><text align="bottom-left" layer="21" size="1.778" y="44.958" x="33.909">Cout</text></plain><libraries><library name="ultra-librarian"><packages><package name="TP-1502"><pad shape="round" drill="0.8128" y="0" x="0" name="1"/></package><package name="DRC0010J"><smd layer="1" dx="0.6" dy="0.24" y="1" x="-1.4" name="1"/><smd layer="1" dx="0.6" dy="0.24" y="0.5" x="-1.4" name="2"/><smd layer="1" dx="0.6" dy="0.24" y="0" x="-1.4" name="3"/><smd layer="1" dx="0.6" dy="0.24" y="-0.5" x="-1.4" name="4"/><smd layer="1" dx="0.6" dy="0.24" y="-1" x="-1.4" name="5"/><smd layer="1" dx="0.6" dy="0.24" y="-1" x="1.4" name="6"/><smd layer="1" dx="0.6" dy="0.24" y="-0.5" x="1.4" name="7"/><smd layer="1" dx="0.6" dy="0.24" y="0" x="1.4" name="8"/><smd layer="1" dx="0.6" dy="0.24" y="0.5" x="1.4" name="9"/><smd layer="1" dx="0.6" dy="0.24" y="1" x="1.4" name="10"/><smd layer="1" dx="1.65" dy="2.4" y="0" x="0" name="11"/><wire layer="25" width="0.1" y2="1.55" x2="-1.55" y1="-1.55" x1="-1.55"/><wire layer="25" width="0.1" y2="1.55" x2="1.55" y1="-1.55" x1="1.55"/><wire layer="25" width="0.1" y2="1.55" x2="1.55" y1="1.55" x1="-1.55"/><wire layer="25" width="0.1" y2="-1.55" x2="1.55" y1="-1.55" x1="-1.55"/><wire layer="21" width="0.2" y2="1.7" x2="-1.15" y1="1.7" x1="-1.7"/><wire layer="21" width="0.2" y2="1.7" x2="-1.7" y1="1.54" x1="-1.7"/><wire layer="21" width="0.2" y2="1.7" x2="1.7" y1="1.54" x1="1.7"/><wire layer="21" width="0.2" y2="1.7" x2="1.7" y1="1.7" x1="1.54"/><wire layer="21" width="0.2" y2="-1.7" x2="1.7" y1="-1.7" x1="1.54"/><wire layer="21" width="0.2" y2="-1.54" x2="1.7" y1="-1.7" x1="1.7"/><wire layer="21" width="0.2" y2="-1.7" x2="-1.54" y1="-1.7" x1="-1.7"/><wire layer="21" width="0.2" y2="-1.54" x2="-1.7" y1="-1.7" x1="-1.7"/><polygon width="0.4604" layer="31"><vertex x="-0.75" y="-1.16"/><vertex x="0.75" y="-1.16"/><vertex x="0.75" y="-0.1"/><vertex x="-0.75" y="-0.1"/></polygon><polygon width="0.4604" layer="31"><vertex x="-0.75" y="0.1"/><vertex x="0.75" y="0.1"/><vertex x="0.75" y="1.16"/><vertex x="-0.75" y="1.16"/></polygon><circle layer="25" width="0.1016" radius="0.3" y="0.875" x="-0.875"/></package><package name="0402"><smd layer="1" dx="0.5588" dy="0.6096" y="0" x="-0.4191" name="1"/><smd layer="1" dx="0.5588" dy="0.6096" y="0" x="0.4191" name="2"/><wire layer="25" width="0" y2="0.3048" x2="-0.1397" y1="-0.3048" x1="-0.1397"/><wire layer="25" width="0" y2="0.3048" x2="-0.5461" y1="0.3048" x1="-0.1397"/><wire layer="25" width="0" y2="-0.3048" x2="-0.5461" y1="0.3048" x1="-0.5461"/><wire layer="25" width="0" y2="-0.3048" x2="-0.1397" y1="-0.3048" x1="-0.5461"/><wire layer="25" width="0" y2="-0.3048" x2="0.1397" y1="0.3048" x1="0.1397"/><wire layer="25" width="0" y2="-0.3048" x2="0.5461" y1="-0.3048" x1="0.1397"/><wire layer="25" width="0" y2="0.3048" x2="0.5461" y1="-0.3048" x1="0.5461"/><wire layer="25" width="0" y2="0.3048" x2="0.1397" y1="0.3048" x1="0.5461"/><wire layer="25" width="0" y2="-0.3048" x2="0.5461" y1="-0.3048" x1="-0.5461"/><wire layer="25" width="0" y2="0.3048" x2="0.5461" y1="-0.3048" x1="0.5461"/><wire layer="25" width="0" y2="0.3048" x2="-0.5461" y1="0.3048" x1="0.5461"/><wire layer="25" width="0" y2="-0.3048" x2="-0.5461" y1="0.3048" x1="-0.5461"/></package><package name="0805"><smd layer="1" dx="1.1176" dy="1.4478" y="0" x="-0.9017" name="1"/><smd layer="1" dx="1.1176" dy="1.4478" y="0" x="0.9017" name="2"/><wire layer="25" width="0" y2="0.7239" x2="-0.3429" y1="-0.7239" x1="-0.3429"/><wire layer="25" width="0" y2="0.7239" x2="-1.1049" y1="0.7239" x1="-0.3429"/><wire layer="25" width="0" y2="-0.7239" x2="-1.1049" y1="0.7239" x1="-1.1049"/><wire layer="25" width="0" y2="-0.7239" x2="-0.3429" y1="-0.7239" x1="-1.1049"/><wire layer="25" width="0" y2="-0.7239" x2="0.3429" y1="0.7239" x1="0.3429"/><wire layer="25" width="0" y2="-0.7239" x2="1.1049" y1="-0.7239" x1="0.3429"/><wire layer="25" width="0" y2="0.7239" x2="1.1049" y1="-0.7239" x1="1.1049"/><wire layer="25" width="0" y2="0.7239" x2="0.3429" y1="0.7239" x1="1.1049"/><wire layer="25" width="0" y2="-0.7239" x2="1.1049" y1="-0.7239" x1="-1.1049"/><wire layer="25" width="0" y2="0.7239" x2="1.1049" y1="-0.7239" x1="1.1049"/><wire layer="25" width="0" y2="0.7239" x2="-1.1049" y1="0.7239" x1="1.1049"/><wire layer="25" width="0" y2="-0.7239" x2="-1.1049" y1="0.7239" x1="-1.1049"/></package><package name="CRCW0402178KFKED"><smd layer="1" dx="0.5588" dy="0.6096" y="0" x="-0.4191" name="1"/><smd layer="1" dx="0.5588" dy="0.6096" y="0" x="0.4191" name="2"/><wire layer="25" width="0" y2="0.3048" x2="-0.1397" y1="-0.3048" x1="-0.1397"/><wire layer="25" width="0" y2="0.3048" x2="-0.5461" y1="0.3048" x1="-0.1397"/><wire layer="25" width="0" y2="-0.3048" x2="-0.5461" y1="0.3048" x1="-0.5461"/><wire layer="25" width="0" y2="-0.3048" x2="-0.1397" y1="-0.3048" x1="-0.5461"/><wire layer="25" width="0" y2="-0.3048" x2="0.1397" y1="0.3048" x1="0.1397"/><wire layer="25" width="0" y2="-0.3048" x2="0.5461" y1="-0.3048" x1="0.1397"/><wire layer="25" width="0" y2="0.3048" x2="0.5461" y1="-0.3048" x1="0.5461"/><wire layer="25" width="0" y2="0.3048" x2="0.1397" y1="0.3048" x1="0.5461"/><wire layer="25" width="0" y2="-0.3048" x2="0.5461" y1="-0.3048" x1="-0.5461"/><wire layer="25" width="0" y2="0.3048" x2="0.5461" y1="-0.3048" x1="0.5461"/><wire layer="25" width="0" y2="0.3048" x2="-0.5461" y1="0.3048" x1="0.5461"/><wire layer="25" width="0" y2="-0.3048" x2="-0.5461" y1="0.3048" x1="-0.5461"/></package><package name="LMK212BJ106KG-T"><smd layer="1" dx="1.1176" dy="1.4478" y="0" x="-0.9017" name="1"/><smd layer="1" dx="1.1176" dy="1.4478" y="0" x="0.9017" name="2"/><wire layer="25" width="0" y2="0.7239" x2="-0.3429" y1="-0.7239" x1="-0.3429"/><wire layer="25" width="0" y2="0.7239" x2="-1.1049" y1="0.7239" x1="-0.3429"/><wire layer="25" width="0" y2="-0.7239" x2="-1.1049" y1="0.7239" x1="-1.1049"/><wire layer="25" width="0" y2="-0.7239" x2="-0.3429" y1="-0.7239" x1="-1.1049"/><wire layer="25" width="0" y2="-0.7239" x2="0.3429" y1="0.7239" x1="0.3429"/><wire layer="25" width="0" y2="-0.7239" x2="1.1049" y1="-0.7239" x1="0.3429"/><wire layer="25" width="0" y2="0.7239" x2="1.1049" y1="-0.7239" x1="1.1049"/><wire layer="25" width="0" y2="0.7239" x2="0.3429" y1="0.7239" x1="1.1049"/><wire layer="25" width="0" y2="-0.7239" x2="1.1049" y1="-0.7239" x1="-1.1049"/><wire layer="25" width="0" y2="0.7239" x2="1.1049" y1="-0.7239" x1="1.1049"/><wire layer="25" width="0" y2="0.7239" x2="-1.1049" y1="0.7239" x1="1.1049"/><wire layer="25" width="0" y2="-0.7239" x2="-1.1049" y1="0.7239" x1="-1.1049"/></package><package name="LQM21PN1R5MC0D"><smd layer="1" dx="1.1176" dy="1.4478" y="0" x="-0.9017" name="1"/><smd layer="1" dx="1.1176" dy="1.4478" y="0" x="0.9017" name="2"/><wire layer="25" width="0" y2="0.7239" x2="-0.3429" y1="-0.7239" x1="-0.3429"/><wire layer="25" width="0" y2="0.7239" x2="-1.1049" y1="0.7239" x1="-0.3429"/><wire layer="25" width="0" y2="-0.7239" x2="-1.1049" y1="0.7239" x1="-1.1049"/><wire layer="25" width="0" y2="-0.7239" x2="-0.3429" y1="-0.7239" x1="-1.1049"/><wire layer="25" width="0" y2="-0.7239" x2="0.3429" y1="0.7239" x1="0.3429"/><wire layer="25" width="0" y2="-0.7239" x2="1.1049" y1="-0.7239" x1="0.3429"/><wire layer="25" width="0" y2="0.7239" x2="1.1049" y1="-0.7239" x1="1.1049"/><wire layer="25" width="0" y2="0.7239" x2="0.3429" y1="0.7239" x1="1.1049"/><wire layer="25" width="0" y2="-0.7239" x2="1.1049" y1="-0.7239" x1="-1.1049"/><wire layer="25" width="0" y2="0.7239" x2="1.1049" y1="-0.7239" x1="1.1049"/><wire layer="25" width="0" y2="0.7239" x2="-1.1049" y1="0.7239" x1="1.1049"/><wire layer="25" width="0" y2="-0.7239" x2="-1.1049" y1="0.7239" x1="-1.1049"/></package></packages></library></libraries><designrules name="custom"><param name="layerSetup" value="((1*2)+(15*16))"/></designrules><elements><element y="29.1846" x="28.9306" value="" package="TP-1502" library="ultra-librarian" name="VIN"><attribute align="bottom-left" display="value" layer="51" size="1.778" y="32.131" x="27.559" value="VIN" name="RefDes"/><attribute align="bottom-left" display="off" layer="51" size="1.778" y="32.131" x="27.559" value="TP-1502" name="Type"/></element><element y="29.1846" x="45.6946" value="" package="TP-1502" library="ultra-librarian" name="GND"><attribute align="bottom-left" display="value" layer="51" size="1.778" y="32.258" x="44.831" value="GND" name="RefDes"/><attribute align="bottom-left" display="off" layer="51" size="1.778" y="32.258" x="44.831" value="TP-1502" name="Type"/></element><element y="54.5846" x="45.6946" value="" package="TP-1502" library="ultra-librarian" name="GND1"><attribute align="bottom-left" display="value" layer="51" size="1.778" y="50.419" x="44.196" value="GND1" name="RefDes"/><attribute align="bottom-left" display="off" layer="51" size="1.778" y="50.419" x="44.196" value="TP-1502" name="Type"/></element><element y="54.737" x="29.0576" value="" package="TP-1502" library="ultra-librarian" name="VOUT"><attribute align="bottom-left" display="value" layer="51" size="1.778" y="50.546" x="27.432" value="VOUT" name="RefDes"/><attribute align="bottom-left" display="off" layer="51" size="1.778" y="50.546" x="27.432" value="TP-1502" name="Type"/></element><element y="39.5986" x="36.068" value="" package="DRC0010J" library="ultra-librarian" name="U1"><attribute align="bottom-left" display="value" layer="51" size="1.778" y="36.83" x="38.1" value="U1" name="RefDes"/><attribute align="bottom-left" display="off" layer="51" size="1.778" y="36.83" x="38.1" value="TPS63000DRCR" name="Type"/></element><element rot="SR270" y="45.0596" x="40.8686" value="" package="0402" library="ultra-librarian" name="Rfbt"><attribute align="bottom-left" display="value" layer="51" size="1.778" y="44.069" x="42.926" value="Rfbt" name="RefDes"/><attribute align="bottom-left" display="off" layer="51" size="1.778" y="44.069" x="42.926" value="CRCW04021M00FKED" name="Type"/></element><element rot="SR270" y="39.8526" x="40.8686" value="" package="0402" library="ultra-librarian" name="Rfbb"><attribute align="bottom-left" display="value" layer="51" size="1.778" y="39.37" x="42.926" value="Rfbb" name="RefDes"/><attribute align="bottom-left" display="off" layer="51" size="1.778" y="39.37" x="42.926" value="CRCW0402178KFKED" name="Type"/></element><element y="42.6466" x="36.6776" value="" package="0805" library="ultra-librarian" name="Cout_1"/><element y="44.6532" x="36.6776" value="" package="0805" library="ultra-librarian" name="Cout_2"/><element y="36.068" x="36.576" value="" package="0805" library="ultra-librarian" name="Cin"><attribute align="bottom-left" display="value" layer="51" size="1.778" y="34.29" x="39.878" value="Cin" name="RefDes"/><attribute align="bottom-left" display="off" layer="51" size="1.778" y="34.29" x="39.878" value="LMK212BJ106KG-T" name="Type"/></element><element rot="R90" y="39.5986" x="32.385" value="" package="0805" library="ultra-librarian" name="L1"><attribute align="bottom-left" display="value" layer="51" size="1.778" y="35.433" x="29.083" value="L1" name="RefDes"/><attribute align="bottom-left" display="off" layer="51" size="1.778" y="35.433" x="29.083" value="LQM21PN1R5MC0D" name="Type"/></element></elements><signals><signal name="11"><wire layer="1" width="0.254" y2="35.306" x2="34.544" y1="33.528" x1="34.544"/><wire layer="1" width="0.254" y2="33.528" x2="34.544" y1="33.147" x1="34.163"/><wire layer="1" width="0.254" y2="33.147" x2="34.163" y1="33.147" x1="32.766"/><wire layer="1" width="0.254" y2="35.56" x2="34.798" y1="35.306" x1="34.544"/><wire layer="1" width="0.254" y2="35.56" x2="34.798" y1="35.8648" x1="34.4678"/><wire layer="1" width="0.254" y2="35.56" x2="35.7124" y1="35.56" x1="34.798"/><wire layer="1" width="0.254" y2="38.608" x2="34.4678" y1="35.8648" x1="34.4678"/><wire layer="1" width="0.254" y2="35.56" x2="35.7124" y1="29.9974" x1="35.7124"/><wire layer="1" width="0.254" y2="29.21" x2="34.925" y1="29.21" x1="28.956"/><wire layer="1" width="0.254" y2="29.9974" x2="35.7124" y1="29.21" x1="34.925"/><wire layer="1" width="0.254" y2="39.116" x2="37.6428" y1="39.116" x1="37.6428"/><wire layer="1" width="0.254" y2="39.116" x2="38.862" y1="39.116" x1="37.6428"/><wire layer="1" width="0.254" y2="39.116" x2="37.6428" y1="38.608" x1="37.6428"/><wire layer="1" width="0.254" y2="39.624" x2="37.6428" y1="39.116" x1="37.6428"/><polygon spacing="0.254" layer="1" width="0" rank="3"><vertex y="38.735" x="33.782"/><vertex y="38.735" x="35.052"/><vertex y="36.83" x="35.052"/><vertex y="36.83" x="36.449"/><vertex y="26.67" x="36.449"/><vertex y="26.67" x="26.416"/><vertex y="34.798" x="26.416"/><vertex y="34.798" x="33.782"/></polygon><wire layer="16" width="0.254" y2="39.116" x2="38.862" y1="33.782" x1="38.862"/><wire layer="16" width="0.254" y2="33.782" x2="38.862" y1="33.147" x1="38.227"/><wire layer="16" width="0.254" y2="33.147" x2="38.227" y1="33.147" x1="32.766"/><via shape="round" drill="0.3302" diameter="0.889" extent="1-16" y="33.147" x="32.766"/><via shape="round" drill="0.3302" diameter="0.889" extent="1-16" y="39.116" x="38.862"/><via shape="round" drill="2.4892" diameter="3.4798" extent="1-16" y="29.21" x="28.956"/><contactref pad="1" element="VIN"/><contactref pad="5" element="U1"/><contactref pad="6" element="U1"/><contactref pad="7" element="U1"/><contactref pad="8" element="U1"/><contactref pad="1" element="Cin"/></signal><signal name="0"><wire layer="1" width="0.254" y2="39.8018" x2="39.6748" y1="39.37" x1="39.6748"/><wire layer="1" width="0.254" y2="39.8018" x2="39.6748" y1="40.1066" x1="39.37"/><wire layer="1" width="0.254" y2="40.1066" x2="39.37" y1="40.1066" x1="37.6428"/><wire layer="1" width="0.254" y2="39.0144" x2="40.894" y1="36.6014" x1="40.894"/><wire layer="1" width="0.254" y2="39.0144" x2="40.005" y1="39.37" x1="39.6748"/><wire layer="1" width="0.254" y2="39.0144" x2="40.894" y1="39.0144" x1="40.005"/><wire layer="1" width="0.254" y2="41.402" x2="37.084" y1="41.402" x1="36.322"/><wire layer="1" width="0.254" y2="41.402" x2="36.322" y1="41.148" x1="36.068"/><wire layer="1" width="0.254" y2="41.148" x2="36.068" y1="40.513" x1="36.068"/><wire layer="1" width="0.254" y2="41.7322" x2="37.4142" y1="41.402" x1="37.084"/><wire layer="1" width="0.254" y2="40.1066" x2="36.703" y1="39.624" x1="36.703"/><wire layer="1" width="0.254" y2="40.1066" x2="37.6428" y1="40.1066" x1="36.703"/><wire layer="1" width="0.254" y2="39.624" x2="36.703" y1="39.624" x1="36.068"/><wire layer="1" width="0.3048" y2="39.624" x2="36.068" y1="39.624" x1="34.4678"/><wire layer="1" width="0.254" y2="29.21" x2="45.72" y1="29.21" x1="38.1"/><wire layer="1" width="0.254" y2="29.21" x2="38.1" y1="29.8704" x1="37.4142"/><wire layer="1" width="0.254" y2="35.56" x2="37.4142" y1="29.8704" x1="37.4142"/><wire layer="1" width="0.254" y2="53.6702" x2="37.4142" y1="41.7322" x1="37.4142"/><wire layer="1" width="0.254" y2="54.61" x2="38.354" y1="53.6702" x1="37.4142"/><wire layer="1" width="0.254" y2="54.61" x2="45.72" y1="54.61" x1="38.354"/><wire layer="1" width="0.254" y2="35.56" x2="39.8526" y1="35.56" x1="37.4142"/><wire layer="1" width="0.254" y2="36.6014" x2="40.894" y1="35.56" x1="39.8526"/><wire layer="1" width="0.254" y2="39.4716" x2="40.8813" y1="38.5318" x1="40.8813"/><polygon spacing="0.254" layer="1" width="0" rank="6"><vertex y="39.624" x="35.306"/><vertex y="39.624" x="36.83"/><vertex y="38.1" x="36.83"/><vertex y="38.1" x="39.878"/><vertex y="39.878" x="39.878"/><vertex y="39.878" x="42.164"/><vertex y="48.514" x="42.164"/><vertex y="48.514" x="39.624"/><vertex y="41.148" x="39.624"/><vertex y="41.148" x="36.83"/><vertex y="39.751" x="36.83"/><vertex y="39.751" x="35.306"/><vertex y="41.656" x="35.306"/><vertex y="41.656" x="36.83"/><vertex y="57.15" x="36.83"/><vertex y="57.15" x="48.26"/><vertex y="26.67" x="48.26"/><vertex y="26.67" x="36.703"/><vertex y="37.084" x="36.703"/><vertex y="37.084" x="35.306"/></polygon><polygon spacing="0.254" layer="16" width="0" rank="5"><vertex y="57.15" x="26.416"/><vertex y="57.15" x="48.26"/><vertex y="26.67" x="48.26"/><vertex y="26.67" x="26.416"/></polygon><via shape="round" drill="0.3302" diameter="0.889" extent="1-16" y="38.608" x="36.068"/><via shape="round" drill="0.3302" diameter="0.889" extent="1-16" y="39.624" x="36.068"/><via shape="round" drill="0.3302" diameter="0.889" extent="1-16" y="40.513" x="36.068"/><via shape="round" drill="2.4892" diameter="3.4798" extent="1-16" y="54.61" x="45.72"/><via shape="round" drill="2.4892" diameter="3.4798" extent="1-16" y="29.21" x="45.72"/><contactref pad="1" element="GND"/><contactref pad="1" element="GND1"/><contactref pad="3" element="U1"/><contactref pad="9" element="U1"/><contactref pad="11" element="U1"/><contactref pad="2" element="Rfbb"/><contactref pad="2" element="Cout_1"/><contactref pad="2" element="Cout_2"/><contactref pad="2" element="Cin"/></signal><signal name="3"><wire layer="1" width="0.254" y2="44.2214" x2="40.894" y1="40.7162" x1="40.894"/><wire layer="1" width="0.254" y2="40.7162" x2="39.7002" y1="40.6146" x1="39.5986"/><wire layer="1" width="0.254" y2="40.7162" x2="40.894" y1="40.7162" x1="39.7002"/><wire layer="1" width="0.254" y2="40.6146" x2="39.5986" y1="40.6146" x1="37.6428"/><wire layer="1" width="0.254" y2="41.1734" x2="40.8813" y1="40.2336" x1="40.8813"/><wire layer="1" width="0.254" y2="44.6786" x2="40.8813" y1="43.7388" x1="40.8813"/><contactref pad="10" element="U1"/><contactref pad="2" element="Rfbt"/><contactref pad="1" element="Rfbb"/></signal><signal name="6"><wire layer="1" width="0.254" y2="53.5432" x2="35.7124" y1="43.434" x1="35.7124"/><wire layer="1" width="0.254" y2="54.737" x2="34.544" y1="54.737" x1="29.083"/><wire layer="1" width="0.254" y2="53.5432" x2="35.7124" y1="54.737" x1="34.544"/><wire layer="1" width="0.254" y2="47.752" x2="40.894" y1="45.9232" x1="40.894"/><wire layer="1" width="0.254" y2="43.434" x2="34.798" y1="43.1038" x1="34.4678"/><wire layer="1" width="0.254" y2="43.434" x2="35.7124" y1="43.434" x1="34.798"/><wire layer="1" width="0.254" y2="43.1038" x2="34.4678" y1="40.6146" x1="34.4678"/><wire layer="1" width="0.254" y2="46.3804" x2="40.8813" y1="45.4406" x1="40.8813"/><polygon spacing="0.254" layer="1" width="0" rank="4"><vertex y="40.513" x="33.782"/><vertex y="40.513" x="35.052"/><vertex y="41.91" x="35.052"/><vertex y="41.91" x="36.576"/><vertex y="57.15" x="36.576"/><vertex y="57.15" x="26.416"/><vertex y="44.45" x="26.416"/><vertex y="44.45" x="33.782"/></polygon><wire layer="16" width="0.254" y2="53.594" x2="40.894" y1="47.752" x1="40.894"/><wire layer="16" width="0.254" y2="53.594" x2="40.894" y1="54.737" x1="39.751"/><wire layer="16" width="0.254" y2="54.737" x2="39.751" y1="54.737" x1="29.083"/><via shape="round" drill="0.3302" diameter="0.889" extent="1-16" y="47.752" x="40.894"/><via shape="round" drill="2.4892" diameter="3.4798" extent="1-16" y="54.737" x="29.083"/><contactref pad="1" element="VOUT"/><contactref pad="1" element="U1"/><contactref pad="1" element="Rfbt"/><contactref pad="1" element="Cout_1"/><contactref pad="1" element="Cout_2"/></signal><signal name="10"><wire layer="1" width="0.381" y2="40.1066" x2="34.4678" y1="40.1066" x1="33.274"/><wire layer="1" width="0.381" y2="40.1066" x2="33.274" y1="40.8432" x1="32.5628"/><wire layer="1" width="0.381" y2="40.8432" x2="32.5628" y1="40.8432" x1="30.734"/><polygon spacing="0.254" layer="1" width="0" rank="2"><vertex y="39.751" x="33.528"/><vertex y="44.196" x="33.528"/><vertex y="44.196" x="26.416"/><vertex y="39.751" x="26.416"/></polygon><contactref pad="2" element="U1"/><contactref pad="2" element="L1"/></signal><signal name="7"><wire layer="1" width="0.381" y2="38.4048" x2="32.5628" y1="38.4048" x1="30.734"/><wire layer="1" width="0.381" y2="39.116" x2="33.274" y1="38.4048" x1="32.5628"/><wire layer="1" width="0.381" y2="39.116" x2="34.4678" y1="39.116" x1="33.274"/><polygon spacing="0.254" layer="1" width="0"><vertex y="39.497" x="33.528"/><vertex y="39.497" x="26.416"/><vertex y="35.052" x="26.416"/><vertex y="35.052" x="33.528"/></polygon><contactref pad="4" element="U1"/><contactref pad="1" element="L1"/></signal></signals></board></drawing></eagle>
