<eagle version="6.4"><drawing><settings><setting alwaysvectorfont="no" verticaltext="up"/></settings><grid altunit="inch" altunitdist="inch" altdistance="0.025" display="no" multiple="1" style="lines" unit="inch" unitdist="inch" distance="0.05"/><layers><layer active="yes" visible="yes" fill="1" color="1" name="Reference" number="49"/><layer active="yes" visible="yes" fill="1" color="6" name="tPlace" number="25"/><layer active="yes" visible="yes" fill="1" color="2" name="tDocu" number="21"/><layer active="yes" visible="yes" fill="1" color="2" name="tCream" number="31"/><layer active="yes" visible="yes" fill="1" color="4" name="TOP" number="1"/><layer active="yes" visible="yes" fill="1" color="15" name="tStop" number="29"/><layer active="yes" visible="yes" fill="1" color="1" name="BOTTOM" number="16"/><layer active="yes" visible="yes" fill="1" color="7" name="bStop" number="30"/><layer active="yes" visible="yes" fill="1" color="7" name="bCream" number="32"/><layer active="yes" visible="yes" fill="1" color="3" name="bDocu" number="22"/><layer active="yes" visible="yes" fill="1" color="3" name="bPlace" number="26"/><layer active="yes" visible="yes" fill="1" color="5" name="Holes" number="45"/><layer active="yes" visible="yes" fill="1" color="5" name="Info" number="97"/><layer active="yes" visible="yes" fill="1" color="5" name="Guide" number="98"/><layer active="yes" visible="yes" fill="1" color="4" name="tValues" number="27"/><layer active="yes" visible="yes" fill="1" color="4" name="bValues" number="28"/><layer active="yes" visible="yes" fill="1" color="4" name="INTERNAL1" number="2"/><layer active="yes" visible="yes" fill="1" color="6" name="INTERNAL2" number="3"/><layer active="yes" visible="yes" fill="1" color="5" name="INTERNAL3" number="4"/><layer active="yes" visible="yes" fill="1" color="5" name="INTERNAL4" number="5"/><layer active="yes" visible="yes" fill="1" color="1" name="INTERNAL5" number="6"/><layer active="yes" visible="yes" fill="1" color="1" name="INTERNAL6" number="7"/><layer active="yes" visible="yes" fill="1" color="1" name="INTERNAL7" number="8"/><layer active="yes" visible="yes" fill="1" color="1" name="INTERNAL8" number="9"/><layer active="yes" visible="yes" fill="1" color="2" name="Values" number="96"/><layer active="yes" visible="yes" fill="1" color="1" name="FAB" number="49"/><layer active="yes" visible="yes" fill="1" color="1" name="ASSEMBLY_DETAIL" number="49"/><layer active="yes" visible="yes" fill="1" color="1" name="BOARD_OUTLINE" number="49"/><layer active="yes" visible="yes" fill="1" color="1" name="CopyRight" number="49"/><layer active="yes" visible="yes" fill="1" color="1" name="BRDOUT" number="20"/><layer active="yes" visible="yes" fill="1" color="1" name="NOTES" number="48"/><layer active="yes" visible="yes" fill="1" color="1" name="ASSYNOTES" number="21"/><layer active="yes" visible="yes" fill="1" color="1" name="STACKUP" number="46"/></layers><board><plain><wire layer="49" width="0.0254" y2="99.568" x2="25.4" y1="25.4" x1="25.4"/><wire layer="49" width="0.1016" y2="99.568" x2="25.4" y1="25.4" x1="25.4"/><wire layer="49" width="0.0254" y2="99.568" x2="134.112" y1="99.568" x1="25.4"/><wire layer="49" width="0.1016" y2="99.568" x2="134.112" y1="99.568" x1="25.4"/><wire layer="49" width="0.0254" y2="25.4" x2="134.112" y1="99.568" x1="134.112"/><wire layer="49" width="0.1016" y2="25.4" x2="134.112" y1="99.568" x1="134.112"/><wire layer="49" width="0.0254" y2="25.4" x2="25.4" y1="25.4" x1="134.112"/><wire layer="49" width="0.1016" y2="25.4" x2="25.4" y1="25.4" x1="134.112"/><text align="bottom-left" layer="21" size="1.778" y="66.929" x="33.655">Cout</text><text align="bottom-left" layer="21" size="1.778" y="85.725" x="48.768">Design Rule :</text><text align="bottom-left" layer="21" size="1.778" y="83.566" x="49.657">Min. Clearance: 10 mil  Min.</text><text align="bottom-left" layer="21" size="1.778" y="81.788" x="49.657">Track Width : 10 mil</text></plain><libraries><library name="ultra-librarian"><packages><package name="0402"><smd layer="1" dx="0.5588" dy="0.6096" y="0" x="-0.4191" name="1"/><smd layer="1" dx="0.5588" dy="0.6096" y="0" x="0.4191" name="2"/><wire layer="25" width="0" y2="0.3048" x2="-0.1397" y1="-0.3048" x1="-0.1397"/><wire layer="25" width="0" y2="0.3048" x2="-0.5461" y1="0.3048" x1="-0.1397"/><wire layer="25" width="0" y2="-0.3048" x2="-0.5461" y1="0.3048" x1="-0.5461"/><wire layer="25" width="0" y2="-0.3048" x2="-0.1397" y1="-0.3048" x1="-0.5461"/><wire layer="25" width="0" y2="-0.3048" x2="0.1397" y1="0.3048" x1="0.1397"/><wire layer="25" width="0" y2="-0.3048" x2="0.5461" y1="-0.3048" x1="0.1397"/><wire layer="25" width="0" y2="0.3048" x2="0.5461" y1="-0.3048" x1="0.5461"/><wire layer="25" width="0" y2="0.3048" x2="0.1397" y1="0.3048" x1="0.5461"/><wire layer="25" width="0" y2="-0.3048" x2="0.5461" y1="-0.3048" x1="-0.5461"/><wire layer="25" width="0" y2="0.3048" x2="0.5461" y1="-0.3048" x1="0.5461"/><wire layer="25" width="0" y2="0.3048" x2="-0.5461" y1="0.3048" x1="0.5461"/><wire layer="25" width="0" y2="-0.3048" x2="-0.5461" y1="0.3048" x1="-0.5461"/></package><package name="0805"><smd layer="1" dx="1.1176" dy="1.4478" y="0" x="-0.9017" name="1"/><smd layer="1" dx="1.1176" dy="1.4478" y="0" x="0.9017" name="2"/><wire layer="25" width="0" y2="0.7239" x2="-0.3429" y1="-0.7239" x1="-0.3429"/><wire layer="25" width="0" y2="0.7239" x2="-1.1049" y1="0.7239" x1="-0.3429"/><wire layer="25" width="0" y2="-0.7239" x2="-1.1049" y1="0.7239" x1="-1.1049"/><wire layer="25" width="0" y2="-0.7239" x2="-0.3429" y1="-0.7239" x1="-1.1049"/><wire layer="25" width="0" y2="-0.7239" x2="0.3429" y1="0.7239" x1="0.3429"/><wire layer="25" width="0" y2="-0.7239" x2="1.1049" y1="-0.7239" x1="0.3429"/><wire layer="25" width="0" y2="0.7239" x2="1.1049" y1="-0.7239" x1="1.1049"/><wire layer="25" width="0" y2="0.7239" x2="0.3429" y1="0.7239" x1="1.1049"/><wire layer="25" width="0" y2="-0.7239" x2="1.1049" y1="-0.7239" x1="-1.1049"/><wire layer="25" width="0" y2="0.7239" x2="1.1049" y1="-0.7239" x1="1.1049"/><wire layer="25" width="0" y2="0.7239" x2="-1.1049" y1="0.7239" x1="1.1049"/><wire layer="25" width="0" y2="-0.7239" x2="-1.1049" y1="0.7239" x1="-1.1049"/></package><package name="CAPSMT_6_S09"><smd layer="1" dx="1.143" dy="0.889" y="0" x="-0.8763" name="1"/><smd layer="1" dx="1.143" dy="0.889" y="0" x="0.8763" name="2"/><wire layer="25" width="0" y2="0" x2="-2.5908" y1="0" x1="-1.8288"/><wire layer="25" width="0" y2="-0.381" x2="-2.2098" y1="0.381" x1="-2.2098"/><wire layer="21" width="0.1524" y2="0" x2="-2.5908" y1="0" x1="-1.8288"/><wire layer="21" width="0.1524" y2="-0.381" x2="-2.2098" y1="0.381" x1="-2.2098"/><wire layer="25" width="0" y2="-0.6731" x2="1.0541" y1="-0.6731" x1="-1.0541"/><wire layer="25" width="0" y2="0.6731" x2="1.0541" y1="-0.6731" x1="1.0541"/><wire layer="25" width="0" y2="0.6731" x2="-1.0541" y1="0.6731" x1="1.0541"/><wire layer="25" width="0" y2="-0.6731" x2="-1.0541" y1="0.6731" x1="-1.0541"/></package><package name="1206_190"><smd layer="1" dx="1.1176" dy="1.8034" y="0" x="-1.4986" name="1"/><smd layer="1" dx="1.1176" dy="1.8034" y="0" x="1.4986" name="2"/><wire layer="25" width="0" y2="0.9017" x2="-0.9398" y1="-0.9017" x1="-0.9398"/><wire layer="25" width="0" y2="0.9017" x2="-1.7018" y1="0.9017" x1="-0.9398"/><wire layer="25" width="0" y2="-0.9017" x2="-1.7018" y1="0.9017" x1="-1.7018"/><wire layer="25" width="0" y2="-0.9017" x2="-0.9398" y1="-0.9017" x1="-1.7018"/><wire layer="25" width="0" y2="-0.9017" x2="0.9398" y1="0.9017" x1="0.9398"/><wire layer="25" width="0" y2="-0.9017" x2="1.7018" y1="-0.9017" x1="0.9398"/><wire layer="25" width="0" y2="0.9017" x2="1.7018" y1="-0.9017" x1="1.7018"/><wire layer="25" width="0" y2="0.9017" x2="0.9398" y1="0.9017" x1="1.7018"/><wire layer="21" width="0.1524" y2="-0.9017" x2="0.6071" y1="-0.9017" x1="-0.6071"/><wire layer="21" width="0.1524" y2="0.9017" x2="-0.6071" y1="0.9017" x1="0.6071"/><wire layer="25" width="0" y2="-0.9017" x2="1.7018" y1="-0.9017" x1="-1.7018"/><wire layer="25" width="0" y2="0.9017" x2="1.7018" y1="-0.9017" x1="1.7018"/><wire layer="25" width="0" y2="0.9017" x2="-1.7018" y1="0.9017" x1="1.7018"/><wire layer="25" width="0" y2="-0.9017" x2="-1.7018" y1="0.9017" x1="-1.7018"/></package><package name="SMB"><smd layer="1" dx="1.8034" dy="2.0574" y="0" x="-2.0447" name="1"/><smd layer="1" dx="1.8034" dy="2.0574" y="0" x="2.0447" name="2"/><wire layer="25" width="0" y2="1.0287" x2="-2.3495" y1="-1.0287" x1="-2.3495"/><wire layer="25" width="0" y2="1.0287" x2="-2.794" y1="1.0287" x1="-2.3495"/><wire layer="25" width="0" y2="-1.0287" x2="-2.794" y1="1.0287" x1="-2.794"/><wire layer="25" width="0" y2="-1.0287" x2="-2.3495" y1="-1.0287" x1="-2.794"/><wire layer="25" width="0" y2="-1.0287" x2="2.3495" y1="1.0287" x1="2.3495"/><wire layer="25" width="0" y2="-1.0287" x2="2.794" y1="-1.0287" x1="2.3495"/><wire layer="25" width="0" y2="1.0287" x2="2.794" y1="-1.0287" x1="2.794"/><wire layer="25" width="0" y2="1.0287" x2="2.3495" y1="1.0287" x1="2.794"/><wire layer="21" width="0.1524" y2="1.9685" x2="2.3495" y1="1.3614" x1="2.3495"/><wire layer="21" width="0.1524" y2="-1.9685" x2="-2.3495" y1="-1.3614" x1="-2.3495"/><wire layer="25" width="0" y2="1.9685" x2="-1.3652" y1="0.9842" x1="-2.3495"/><wire layer="25" width="0" y2="-1.9685" x2="-1.3652" y1="-0.9842" x1="-2.3495"/><wire layer="25" width="0" y2="0" x2="-4.337" y1="0" x1="-3.067"/><wire layer="25" width="0" y2="-0.635" x2="-4.083" y1="0.635" x1="-4.083"/><wire layer="25" width="0" y2="0.635" x2="-3.321" y1="0" x1="-4.083"/><wire layer="25" width="0" y2="0.508" x2="-3.321" y1="0" x1="-4.083"/><wire layer="25" width="0" y2="0.381" x2="-3.321" y1="0" x1="-4.083"/><wire layer="25" width="0" y2="0.254" x2="-3.321" y1="0" x1="-4.083"/><wire layer="25" width="0" y2="0.127" x2="-3.321" y1="0" x1="-4.083"/><wire layer="25" width="0" y2="-0.635" x2="-3.321" y1="0" x1="-4.083"/><wire layer="25" width="0" y2="-0.508" x2="-3.321" y1="0" x1="-4.083"/><wire layer="25" width="0" y2="-0.381" x2="-3.321" y1="0" x1="-4.083"/><wire layer="25" width="0" y2="-0.254" x2="-3.321" y1="0" x1="-4.083"/><wire layer="25" width="0" y2="-0.127" x2="-3.321" y1="0" x1="-4.083"/><wire layer="25" width="0" y2="-0.635" x2="-3.321" y1="0.635" x1="-3.321"/><wire layer="21" width="0.1524" y2="0" x2="-4.337" y1="0" x1="-3.2791"/><wire layer="21" width="0.1524" y2="-0.635" x2="-4.083" y1="0.635" x1="-4.083"/><wire layer="21" width="0.1524" y2="0.635" x2="-3.321" y1="0" x1="-4.083"/><wire layer="21" width="0.1524" y2="0.508" x2="-3.321" y1="0" x1="-4.083"/><wire layer="21" width="0.1524" y2="0.381" x2="-3.321" y1="0" x1="-4.083"/><wire layer="21" width="0.1524" y2="0.254" x2="-3.321" y1="0" x1="-4.083"/><wire layer="21" width="0.1524" y2="0.127" x2="-3.321" y1="0" x1="-4.083"/><wire layer="21" width="0.1524" y2="-0.635" x2="-3.321" y1="0" x1="-4.083"/><wire layer="21" width="0.1524" y2="-0.508" x2="-3.321" y1="0" x1="-4.083"/><wire layer="21" width="0.1524" y2="-0.381" x2="-3.321" y1="0" x1="-4.083"/><wire layer="21" width="0.1524" y2="-0.254" x2="-3.321" y1="0" x1="-4.083"/><wire layer="21" width="0.1524" y2="-0.127" x2="-3.321" y1="0" x1="-4.083"/><wire layer="21" width="0.1524" y2="-0.635" x2="-3.321" y1="0.635" x1="-3.321"/><wire layer="21" width="0.1524" y2="-1.9685" x2="2.3495" y1="-1.9685" x1="-2.3495"/><wire layer="21" width="0.1524" y2="-1.3614" x2="2.3495" y1="-1.9685" x1="2.3495"/><wire layer="21" width="0.1524" y2="1.9685" x2="-2.3495" y1="1.9685" x1="2.3495"/><wire layer="21" width="0.1524" y2="1.3614" x2="-2.3495" y1="1.9685" x1="-2.3495"/><wire layer="25" width="0" y2="-1.9685" x2="2.3495" y1="-1.9685" x1="-2.3495"/><wire layer="25" width="0" y2="1.9685" x2="2.3495" y1="-1.9685" x1="2.3495"/><wire layer="25" width="0" y2="1.9685" x2="-2.3495" y1="1.9685" x1="2.3495"/><wire layer="25" width="0" y2="-1.9685" x2="-2.3495" y1="1.9685" x1="-2.3495"/></package><package name="TP-1502"><pad shape="round" drill="0.8128" y="0" x="0" name="1"/></package><package name="IND_NPI75C"><smd layer="1" dx="2.9972" dy="7.493" y="0" x="-2.5019" name="1"/><smd layer="1" dx="2.9972" dy="7.493" y="0" x="2.5019" name="2"/><wire layer="21" width="0.1524" y2="3.6449" x2="0.6706" y1="3.6449" x1="-0.6706"/><wire layer="21" width="0.1524" y2="-3.6449" x2="-0.6706" y1="-3.6449" x1="0.6706"/><wire layer="25" width="0" y2="3.6449" x2="4.0513" y1="3.6449" x1="-4.0513"/><wire layer="25" width="0" y2="3.6449" x2="4.0513" y1="3.6449" x1="4.0513"/><wire layer="25" width="0" y2="-3.6449" x2="4.0513" y1="3.6449" x1="4.0513"/><wire layer="25" width="0" y2="-3.6449" x2="4.0513" y1="-3.6449" x1="4.0513"/><wire layer="25" width="0" y2="-3.6449" x2="-4.0513" y1="-3.6449" x1="4.0513"/><wire layer="25" width="0" y2="-3.6449" x2="-4.0513" y1="-3.6449" x1="-4.0513"/><wire layer="25" width="0" y2="3.6449" x2="-4.0513" y1="-3.6449" x1="-4.0513"/><wire layer="25" width="0" y2="3.6449" x2="-4.0513" y1="3.6449" x1="-4.0513"/></package><package name="SRN8040"><smd layer="1" dx="2.2" dy="8" y="0" x="-2.85" name="1"/><smd layer="1" dx="2.2" dy="8" y="0" x="2.85" name="2"/><wire layer="21" width="0.1524" y2="-4" x2="1.4173" y1="-4" x1="-1.4173"/><wire layer="21" width="0.1524" y2="4" x2="-1.4173" y1="4" x1="1.4173"/><wire layer="25" width="0" y2="2" x2="-4" y1="4" x1="-2"/><wire layer="25" width="0" y2="-2" x2="-4" y1="2" x1="-4"/><wire layer="25" width="0" y2="-4" x2="-2" y1="-2" x1="-4"/><wire layer="25" width="0" y2="-4" x2="2" y1="-4" x1="-2"/><wire layer="25" width="0" y2="-2" x2="4" y1="-4" x1="2"/><wire layer="25" width="0" y2="2" x2="4" y1="-2" x1="4"/><wire layer="25" width="0" y2="4" x2="2" y1="2" x1="4"/><wire layer="25" width="0" y2="4" x2="-2" y1="4" x1="2"/></package><package name="DQG0008A"><smd layer="1" dx="0.75" dy="0.44" y="0.975" x="-1.525" name="1"/><smd layer="1" dx="0.75" dy="0.44" y="0.325" x="-1.525" name="2"/><smd layer="1" dx="0.75" dy="0.44" y="-0.325" x="-1.525" name="3"/><smd layer="1" dx="0.75" dy="0.44" y="-0.975" x="-1.525" name="4"/><smd layer="1" dx="0.75" dy="0.44" y="-0.975" x="1.525" name="5"/><smd layer="1" dx="0.75" dy="0.44" y="-0.325" x="1.525" name="6"/><smd layer="1" dx="0.75" dy="0.44" y="0.325" x="1.525" name="7"/><smd layer="1" dx="0.75" dy="0.44" y="0.975" x="1.525" name="8"/><smd layer="1" dx="2.5" dy="2.55" y="0" x="0.65" name="9"/><wire layer="25" width="0.1" y2="1.7" x2="1.7" y1="1.7" x1="-1.7"/><wire layer="25" width="0.1" y2="-1.7" x2="1.7" y1="-1.7" x1="-1.7"/><wire layer="25" width="0.1" y2="1.7" x2="-1.7" y1="-1.7" x1="-1.7"/><wire layer="25" width="0.1" y2="1.7" x2="1.7" y1="-1.7" x1="1.7"/><wire layer="21" width="0.2" y2="1.8" x2="1.8" y1="1.55" x1="1.8"/><wire layer="21" width="0.2" y2="1.8" x2="-1.8" y1="1.55" x1="-1.8"/><wire layer="21" width="0.2" y2="1.8" x2="-0.55" y1="1.8" x1="-1.8"/><wire layer="21" width="0.2" y2="1.8" x2="1.8" y1="1.8" x1="1.55"/><wire layer="21" width="0.2" y2="-1.8" x2="1.8" y1="-1.8" x1="1.55"/><wire layer="21" width="0.2" y2="-1.55" x2="1.8" y1="-1.8" x1="1.8"/><wire layer="21" width="0.2" y2="-1.8" x2="-1.55" y1="-1.8" x1="-1.8"/><wire layer="21" width="0.2" y2="-1.55" x2="-1.8" y1="-1.8" x1="-1.8"/><polygon width="0.4604" layer="31"><vertex x="0.326" y="0.1507"/><vertex x="0.326" y="1.1743"/><vertex x="0.327" y="1.1842"/><vertex x="0.3299" y="1.1937"/><vertex x="0.3345" y="1.2025"/><vertex x="0.3408" y="1.2101"/><vertex x="0.3485" y="1.2165"/><vertex x="0.3573" y="1.2211"/><vertex x="0.3668" y="1.224"/><vertex x="0.3767" y="1.225"/><vertex x="0.9513" y="1.225"/><vertex x="0.9612" y="1.224"/><vertex x="0.9707" y="1.2211"/><vertex x="0.9795" y="1.2165"/><vertex x="0.9872" y="1.2101"/><vertex x="0.9935" y="1.2025"/><vertex x="0.9981" y="1.1937"/><vertex x="1.001" y="1.1842"/><vertex x="1.002" y="1.1743"/><vertex x="1.002" y="0.1507"/><vertex x="1.001" y="0.1408"/><vertex x="0.9981" y="0.1313"/><vertex x="0.9935" y="0.1225"/><vertex x="0.9872" y="0.1148"/><vertex x="0.9795" y="0.1085"/><vertex x="0.9707" y="0.1039"/><vertex x="0.9612" y="0.101"/><vertex x="0.9513" y="0.1"/><vertex x="0.3767" y="0.1"/><vertex x="0.3668" y="0.101"/><vertex x="0.3573" y="0.1039"/><vertex x="0.3485" y="0.1085"/><vertex x="0.3408" y="0.1148"/><vertex x="0.3345" y="0.1225"/><vertex x="0.3299" y="0.1313"/><vertex x="0.327" y="0.1408"/></polygon><polygon width="0.4604" layer="31"><vertex x="0.326" y="-1.1743"/><vertex x="0.326" y="-0.1507"/><vertex x="0.327" y="-0.1408"/><vertex x="0.3299" y="-0.1313"/><vertex x="0.3345" y="-0.1225"/><vertex x="0.3408" y="-0.1149"/><vertex x="0.3485" y="-0.1085"/><vertex x="0.3573" y="-0.1039"/><vertex x="0.3668" y="-0.101"/><vertex x="0.3767" y="-0.1"/><vertex x="0.9513" y="-0.1"/><vertex x="0.9612" y="-0.101"/><vertex x="0.9707" y="-0.1039"/><vertex x="0.9795" y="-0.1085"/><vertex x="0.9872" y="-0.1149"/><vertex x="0.9935" y="-0.1225"/><vertex x="0.9981" y="-0.1313"/><vertex x="1.001" y="-0.1408"/><vertex x="1.002" y="-0.1507"/><vertex x="1.002" y="-1.1743"/><vertex x="1.001" y="-1.1842"/><vertex x="0.9981" y="-1.1937"/><vertex x="0.9935" y="-1.2025"/><vertex x="0.9872" y="-1.2101"/><vertex x="0.9795" y="-1.2165"/><vertex x="0.9707" y="-1.2211"/><vertex x="0.9612" y="-1.224"/><vertex x="0.9513" y="-1.225"/><vertex x="0.3767" y="-1.225"/><vertex x="0.3668" y="-1.224"/><vertex x="0.3573" y="-1.2211"/><vertex x="0.3485" y="-1.2165"/><vertex x="0.3408" y="-1.2101"/><vertex x="0.3345" y="-1.2025"/><vertex x="0.3299" y="-1.1937"/><vertex x="0.327" y="-1.1842"/></polygon><polygon width="0.4604" layer="31"><vertex x="0.126" y="-0.1507"/><vertex x="0.126" y="-1.1743"/><vertex x="0.125" y="-1.1842"/><vertex x="0.1221" y="-1.1937"/><vertex x="0.1175" y="-1.2025"/><vertex x="0.1112" y="-1.2101"/><vertex x="0.1035" y="-1.2165"/><vertex x="0.0947" y="-1.2211"/><vertex x="0.0852" y="-1.224"/><vertex x="0.0753" y="-1.225"/><vertex x="-0.4993" y="-1.225"/><vertex x="-0.5092" y="-1.224"/><vertex x="-0.5187" y="-1.2211"/><vertex x="-0.5275" y="-1.2165"/><vertex x="-0.5352" y="-1.2101"/><vertex x="-0.5415" y="-1.2025"/><vertex x="-0.5461" y="-1.1937"/><vertex x="-0.549" y="-1.1842"/><vertex x="-0.55" y="-1.1743"/><vertex x="-0.55" y="-0.1507"/><vertex x="-0.549" y="-0.1408"/><vertex x="-0.5461" y="-0.1313"/><vertex x="-0.5415" y="-0.1225"/><vertex x="-0.5352" y="-0.1149"/><vertex x="-0.5275" y="-0.1085"/><vertex x="-0.5187" y="-0.1039"/><vertex x="-0.5092" y="-0.101"/><vertex x="-0.4993" y="-0.1"/><vertex x="0.0753" y="-0.1"/><vertex x="0.0852" y="-0.101"/><vertex x="0.0947" y="-0.1039"/><vertex x="0.1035" y="-0.1085"/><vertex x="0.1112" y="-0.1149"/><vertex x="0.1175" y="-0.1225"/><vertex x="0.1221" y="-0.1313"/><vertex x="0.125" y="-0.1408"/></polygon><polygon width="0.4604" layer="31"><vertex x="0.126" y="1.1743"/><vertex x="0.126" y="0.1507"/><vertex x="0.125" y="0.1408"/><vertex x="0.1221" y="0.1313"/><vertex x="0.1175" y="0.1225"/><vertex x="0.1112" y="0.1148"/><vertex x="0.1035" y="0.1085"/><vertex x="0.0947" y="0.1039"/><vertex x="0.0852" y="0.101"/><vertex x="0.0753" y="0.1"/><vertex x="-0.4993" y="0.1"/><vertex x="-0.5092" y="0.101"/><vertex x="-0.5187" y="0.1039"/><vertex x="-0.5275" y="0.1085"/><vertex x="-0.5352" y="0.1148"/><vertex x="-0.5415" y="0.1225"/><vertex x="-0.5461" y="0.1313"/><vertex x="-0.549" y="0.1408"/><vertex x="-0.55" y="0.1507"/><vertex x="-0.55" y="1.1743"/><vertex x="-0.549" y="1.1842"/><vertex x="-0.5461" y="1.1937"/><vertex x="-0.5415" y="1.2025"/><vertex x="-0.5352" y="1.2101"/><vertex x="-0.5275" y="1.2165"/><vertex x="-0.5187" y="1.2211"/><vertex x="-0.5092" y="1.224"/><vertex x="-0.4993" y="1.225"/><vertex x="0.0753" y="1.225"/><vertex x="0.0852" y="1.224"/><vertex x="0.0947" y="1.2211"/><vertex x="0.1035" y="1.2165"/><vertex x="0.1112" y="1.2101"/><vertex x="0.1175" y="1.2025"/><vertex x="0.1221" y="1.1937"/><vertex x="0.125" y="1.1842"/></polygon><polygon width="0.4604" layer="29"><vertex x="-0.56" y="-1.1718"/><vertex x="-0.56" y="1.1718"/><vertex x="-0.559" y="1.1821"/><vertex x="-0.5559" y="1.1921"/><vertex x="-0.551" y="1.2013"/><vertex x="-0.5444" y="1.2094"/><vertex x="-0.5363" y="1.216"/><vertex x="-0.5271" y="1.2209"/><vertex x="-0.5171" y="1.224"/><vertex x="-0.5068" y="1.225"/><vertex x="1.1618" y="1.225"/><vertex x="1.1721" y="1.224"/><vertex x="1.1821" y="1.2209"/><vertex x="1.1913" y="1.216"/><vertex x="1.1994" y="1.2094"/><vertex x="1.206" y="1.2013"/><vertex x="1.2109" y="1.1921"/><vertex x="1.214" y="1.1821"/><vertex x="1.215" y="1.1718"/><vertex x="1.215" y="-1.1718"/><vertex x="1.214" y="-1.1821"/><vertex x="1.2109" y="-1.1921"/><vertex x="1.206" y="-1.2013"/><vertex x="1.1994" y="-1.2094"/><vertex x="1.1913" y="-1.216"/><vertex x="1.1821" y="-1.2209"/><vertex x="1.1721" y="-1.224"/><vertex x="1.1618" y="-1.225"/><vertex x="-0.5068" y="-1.225"/><vertex x="-0.5171" y="-1.224"/><vertex x="-0.5271" y="-1.2209"/><vertex x="-0.5363" y="-1.216"/><vertex x="-0.5444" y="-1.2094"/><vertex x="-0.551" y="-1.2013"/><vertex x="-0.5559" y="-1.1921"/><vertex x="-0.559" y="-1.1821"/></polygon><polygon width="0.4604" layer="29"><vertex x="0.925" y="0.8543"/><vertex x="0.925" y="1.0957"/><vertex x="0.9259" y="1.1053"/><vertex x="0.9288" y="1.1146"/><vertex x="0.9333" y="1.1231"/><vertex x="0.9394" y="1.1306"/><vertex x="0.9469" y="1.1367"/><vertex x="0.9554" y="1.1412"/><vertex x="0.9647" y="1.1441"/><vertex x="0.9743" y="1.145"/><vertex x="1.3757" y="1.145"/><vertex x="1.3853" y="1.1441"/><vertex x="1.3946" y="1.1412"/><vertex x="1.4031" y="1.1367"/><vertex x="1.4106" y="1.1306"/><vertex x="1.4167" y="1.1231"/><vertex x="1.4212" y="1.1146"/><vertex x="1.4241" y="1.1053"/><vertex x="1.425" y="1.0957"/><vertex x="1.425" y="0.8543"/><vertex x="1.4241" y="0.8447"/><vertex x="1.4212" y="0.8354"/><vertex x="1.4167" y="0.8269"/><vertex x="1.4106" y="0.8194"/><vertex x="1.4031" y="0.8133"/><vertex x="1.3946" y="0.8088"/><vertex x="1.3853" y="0.8059"/><vertex x="1.3757" y="0.805"/><vertex x="0.9743" y="0.805"/><vertex x="0.9647" y="0.8059"/><vertex x="0.9554" y="0.8088"/><vertex x="0.9469" y="0.8133"/><vertex x="0.9394" y="0.8194"/><vertex x="0.9333" y="0.8269"/><vertex x="0.9288" y="0.8354"/><vertex x="0.9259" y="0.8447"/></polygon><polygon width="0.4604" layer="29"><vertex x="0.925" y="-1.0957"/><vertex x="0.925" y="-0.8543"/><vertex x="0.9259" y="-0.8447"/><vertex x="0.9288" y="-0.8354"/><vertex x="0.9333" y="-0.8269"/><vertex x="0.9394" y="-0.8194"/><vertex x="0.9469" y="-0.8133"/><vertex x="0.9554" y="-0.8088"/><vertex x="0.9647" y="-0.8059"/><vertex x="0.9743" y="-0.805"/><vertex x="1.3757" y="-0.805"/><vertex x="1.3853" y="-0.8059"/><vertex x="1.3946" y="-0.8088"/><vertex x="1.4031" y="-0.8133"/><vertex x="1.4106" y="-0.8194"/><vertex x="1.4167" y="-0.8269"/><vertex x="1.4212" y="-0.8354"/><vertex x="1.4241" y="-0.8447"/><vertex x="1.425" y="-0.8543"/><vertex x="1.425" y="-1.0957"/><vertex x="1.4241" y="-1.1053"/><vertex x="1.4212" y="-1.1146"/><vertex x="1.4167" y="-1.1231"/><vertex x="1.4106" y="-1.1306"/><vertex x="1.4031" y="-1.1367"/><vertex x="1.3946" y="-1.1412"/><vertex x="1.3853" y="-1.1441"/><vertex x="1.3757" y="-1.145"/><vertex x="0.9743" y="-1.145"/><vertex x="0.9647" y="-1.1441"/><vertex x="0.9554" y="-1.1412"/><vertex x="0.9469" y="-1.1367"/><vertex x="0.9394" y="-1.1306"/><vertex x="0.9333" y="-1.1231"/><vertex x="0.9288" y="-1.1146"/><vertex x="0.9259" y="-1.1053"/></polygon><polygon width="0.4604" layer="29"><vertex x="0.925" y="-0.4457"/><vertex x="0.925" y="-0.2043"/><vertex x="0.9259" y="-0.1947"/><vertex x="0.9288" y="-0.1854"/><vertex x="0.9333" y="-0.1769"/><vertex x="0.9394" y="-0.1694"/><vertex x="0.9469" y="-0.1633"/><vertex x="0.9554" y="-0.1588"/><vertex x="0.9647" y="-0.1559"/><vertex x="0.9743" y="-0.155"/><vertex x="1.3757" y="-0.155"/><vertex x="1.3853" y="-0.1559"/><vertex x="1.3946" y="-0.1588"/><vertex x="1.4031" y="-0.1633"/><vertex x="1.4106" y="-0.1694"/><vertex x="1.4167" y="-0.1769"/><vertex x="1.4212" y="-0.1854"/><vertex x="1.4241" y="-0.1947"/><vertex x="1.425" y="-0.2043"/><vertex x="1.425" y="-0.4457"/><vertex x="1.4241" y="-0.4553"/><vertex x="1.4212" y="-0.4646"/><vertex x="1.4167" y="-0.4731"/><vertex x="1.4106" y="-0.4806"/><vertex x="1.4031" y="-0.4867"/><vertex x="1.3946" y="-0.4912"/><vertex x="1.3853" y="-0.4941"/><vertex x="1.3757" y="-0.495"/><vertex x="0.9743" y="-0.495"/><vertex x="0.9647" y="-0.4941"/><vertex x="0.9554" y="-0.4912"/><vertex x="0.9469" y="-0.4867"/><vertex x="0.9394" y="-0.4806"/><vertex x="0.9333" y="-0.4731"/><vertex x="0.9288" y="-0.4646"/><vertex x="0.9259" y="-0.4553"/></polygon><polygon width="0.4604" layer="29"><vertex x="0.925" y="0.2043"/><vertex x="0.925" y="0.4457"/><vertex x="0.9259" y="0.4553"/><vertex x="0.9288" y="0.4646"/><vertex x="0.9333" y="0.4731"/><vertex x="0.9394" y="0.4806"/><vertex x="0.9469" y="0.4867"/><vertex x="0.9554" y="0.4912"/><vertex x="0.9647" y="0.4941"/><vertex x="0.9743" y="0.495"/><vertex x="1.3757" y="0.495"/><vertex x="1.3853" y="0.4941"/><vertex x="1.3946" y="0.4912"/><vertex x="1.4031" y="0.4867"/><vertex x="1.4106" y="0.4806"/><vertex x="1.4167" y="0.4731"/><vertex x="1.4212" y="0.4646"/><vertex x="1.4241" y="0.4553"/><vertex x="1.425" y="0.4457"/><vertex x="1.425" y="0.2043"/><vertex x="1.4241" y="0.1947"/><vertex x="1.4212" y="0.1854"/><vertex x="1.4167" y="0.1769"/><vertex x="1.4106" y="0.1694"/><vertex x="1.4031" y="0.1633"/><vertex x="1.3946" y="0.1588"/><vertex x="1.3853" y="0.1559"/><vertex x="1.3757" y="0.155"/><vertex x="0.9743" y="0.155"/><vertex x="0.9647" y="0.1559"/><vertex x="0.9554" y="0.1588"/><vertex x="0.9469" y="0.1633"/><vertex x="0.9394" y="0.1694"/><vertex x="0.9333" y="0.1769"/><vertex x="0.9288" y="0.1854"/><vertex x="0.9259" y="0.1947"/></polygon><circle layer="25" width="0.1016" radius="0.25" y="1.2" x="-1.1"/></package><package name="1210"><smd layer="1" dx="1.1176" dy="2.6924" y="0" x="-1.4986" name="1"/><smd layer="1" dx="1.1176" dy="2.6924" y="0" x="1.4986" name="2"/><wire layer="25" width="0" y2="1.3462" x2="-0.9398" y1="-1.3462" x1="-0.9398"/><wire layer="25" width="0" y2="1.3462" x2="-1.7018" y1="1.3462" x1="-0.9398"/><wire layer="25" width="0" y2="-1.3462" x2="-1.7018" y1="1.3462" x1="-1.7018"/><wire layer="25" width="0" y2="-1.3462" x2="-0.9398" y1="-1.3462" x1="-1.7018"/><wire layer="25" width="0" y2="-1.3462" x2="0.9398" y1="1.3462" x1="0.9398"/><wire layer="25" width="0" y2="-1.3462" x2="1.7018" y1="-1.3462" x1="0.9398"/><wire layer="25" width="0" y2="1.3462" x2="1.7018" y1="-1.3462" x1="1.7018"/><wire layer="25" width="0" y2="1.3462" x2="0.9398" y1="1.3462" x1="1.7018"/><wire layer="21" width="0.1524" y2="-1.3462" x2="0.6071" y1="-1.3462" x1="-0.6071"/><wire layer="21" width="0.1524" y2="1.3462" x2="-0.6071" y1="1.3462" x1="0.6071"/><wire layer="25" width="0" y2="-1.3462" x2="1.7018" y1="-1.3462" x1="-1.7018"/><wire layer="25" width="0" y2="1.3462" x2="1.7018" y1="-1.3462" x1="1.7018"/><wire layer="25" width="0" y2="1.3462" x2="-1.7018" y1="1.3462" x1="1.7018"/><wire layer="25" width="0" y2="-1.3462" x2="-1.7018" y1="1.3462" x1="-1.7018"/></package><package name="MUA08A"><smd layer="1" dx="1.3716" dy="0.4572" y="0.975" x="-2.1971" name="1"/><smd layer="1" dx="1.3716" dy="0.4572" y="0.325" x="-2.1971" name="2"/><smd layer="1" dx="1.3716" dy="0.4572" y="-0.325" x="-2.1971" name="3"/><smd layer="1" dx="1.3716" dy="0.4572" y="-0.975" x="-2.1971" name="4"/><smd layer="1" dx="1.3716" dy="0.4572" y="-0.975" x="2.1971" name="5"/><smd layer="1" dx="1.3716" dy="0.4572" y="-0.325" x="2.1971" name="6"/><smd layer="1" dx="1.3716" dy="0.4572" y="0.325" x="2.1971" name="7"/><smd layer="1" dx="1.3716" dy="0.4572" y="0.975" x="2.1971" name="8"/><wire layer="25" width="0" y2="1.1782" x2="-1.5494" y1="0.7718" x1="-1.5494"/><wire layer="25" width="0" y2="1.1782" x2="-2.5273" y1="1.1782" x1="-1.5494"/><wire layer="25" width="0" y2="0.7718" x2="-2.5273" y1="1.1782" x1="-2.5273"/><wire layer="25" width="0" y2="0.7718" x2="-1.5494" y1="0.7718" x1="-2.5273"/><wire layer="25" width="0" y2="0.5282" x2="-1.5494" y1="0.1218" x1="-1.5494"/><wire layer="25" width="0" y2="0.5282" x2="-2.5273" y1="0.5282" x1="-1.5494"/><wire layer="25" width="0" y2="0.1218" x2="-2.5273" y1="0.5282" x1="-2.5273"/><wire layer="25" width="0" y2="0.1218" x2="-1.5494" y1="0.1218" x1="-2.5273"/><wire layer="25" width="0" y2="-0.1218" x2="-1.5494" y1="-0.5282" x1="-1.5494"/><wire layer="25" width="0" y2="-0.1218" x2="-2.5273" y1="-0.1218" x1="-1.5494"/><wire layer="25" width="0" y2="-0.5282" x2="-2.5273" y1="-0.1218" x1="-2.5273"/><wire layer="25" width="0" y2="-0.5282" x2="-1.5494" y1="-0.5282" x1="-2.5273"/><wire layer="25" width="0" y2="-0.7718" x2="-1.5494" y1="-1.1782" x1="-1.5494"/><wire layer="25" width="0" y2="-0.7718" x2="-2.5273" y1="-0.7718" x1="-1.5494"/><wire layer="25" width="0" y2="-1.1782" x2="-2.5273" y1="-0.7718" x1="-2.5273"/><wire layer="25" width="0" y2="-1.1782" x2="-1.5494" y1="-1.1782" x1="-2.5273"/><wire layer="25" width="0" y2="-1.1782" x2="1.5494" y1="-0.7718" x1="1.5494"/><wire layer="25" width="0" y2="-1.1782" x2="2.5273" y1="-1.1782" x1="1.5494"/><wire layer="25" width="0" y2="-0.7718" x2="2.5273" y1="-1.1782" x1="2.5273"/><wire layer="25" width="0" y2="-0.7718" x2="1.5494" y1="-0.7718" x1="2.5273"/><wire layer="25" width="0" y2="-0.5282" x2="1.5494" y1="-0.1218" x1="1.5494"/><wire layer="25" width="0" y2="-0.5282" x2="2.5273" y1="-0.5282" x1="1.5494"/><wire layer="25" width="0" y2="-0.1218" x2="2.5273" y1="-0.5282" x1="2.5273"/><wire layer="25" width="0" y2="-0.1218" x2="1.5494" y1="-0.1218" x1="2.5273"/><wire layer="25" width="0" y2="0.1218" x2="1.5494" y1="0.5282" x1="1.5494"/><wire layer="25" width="0" y2="0.1218" x2="2.5273" y1="0.1218" x1="1.5494"/><wire layer="25" width="0" y2="0.5282" x2="2.5273" y1="0.1218" x1="2.5273"/><wire layer="25" width="0" y2="0.5282" x2="1.5494" y1="0.5282" x1="2.5273"/><wire layer="25" width="0" y2="0.7718" x2="1.5494" y1="1.1782" x1="1.5494"/><wire layer="25" width="0" y2="0.7718" x2="2.5273" y1="0.7718" x1="1.5494"/><wire layer="25" width="0" y2="1.1782" x2="2.5273" y1="0.7718" x1="2.5273"/><wire layer="25" width="0" y2="1.1782" x2="1.5494" y1="1.1782" x1="2.5273"/><wire layer="21" width="0.1524" y2="-1.5494" x2="1.5494" y1="-1.5494" x1="-1.5494"/><wire layer="21" width="0.1524" y2="1.5494" x2="-1.5494" y1="1.5494" x1="1.5494"/><wire curve="180" layer="21" width="0.1524" y2="1.5494" x2="0.3048" y1="1.5494" x1="-0.3048"/><wire layer="25" width="0" y2="-1.5494" x2="-1.5494" y1="1.5494" x1="-1.5494"/><wire layer="25" width="0" y2="-1.5494" x2="1.5494" y1="-1.5494" x1="-1.5494"/><wire layer="25" width="0" y2="1.5494" x2="1.5494" y1="-1.5494" x1="1.5494"/><wire layer="25" width="0" y2="1.5494" x2="-1.5494" y1="1.5494" x1="1.5494"/><wire curve="180" layer="25" width="0" y2="1.5494" x2="0.3048" y1="1.5494" x1="-0.3048"/></package><package name="GRM155R61A823KA01D"><smd layer="1" dx="0.5588" dy="0.6096" y="0" x="-0.4191" name="1"/><smd layer="1" dx="0.5588" dy="0.6096" y="0" x="0.4191" name="2"/><wire layer="25" width="0" y2="0.3048" x2="-0.1397" y1="-0.3048" x1="-0.1397"/><wire layer="25" width="0" y2="0.3048" x2="-0.5461" y1="0.3048" x1="-0.1397"/><wire layer="25" width="0" y2="-0.3048" x2="-0.5461" y1="0.3048" x1="-0.5461"/><wire layer="25" width="0" y2="-0.3048" x2="-0.1397" y1="-0.3048" x1="-0.5461"/><wire layer="25" width="0" y2="-0.3048" x2="0.1397" y1="0.3048" x1="0.1397"/><wire layer="25" width="0" y2="-0.3048" x2="0.5461" y1="-0.3048" x1="0.1397"/><wire layer="25" width="0" y2="0.3048" x2="0.5461" y1="-0.3048" x1="0.5461"/><wire layer="25" width="0" y2="0.3048" x2="0.1397" y1="0.3048" x1="0.5461"/><wire layer="25" width="0" y2="-0.3048" x2="0.5461" y1="-0.3048" x1="-0.5461"/><wire layer="25" width="0" y2="0.3048" x2="0.5461" y1="-0.3048" x1="0.5461"/><wire layer="25" width="0" y2="0.3048" x2="-0.5461" y1="0.3048" x1="0.5461"/><wire layer="25" width="0" y2="-0.3048" x2="-0.5461" y1="0.3048" x1="-0.5461"/></package><package name="CRCW040220R0FKED"><smd layer="1" dx="0.5588" dy="0.6096" y="0" x="-0.4191" name="1"/><smd layer="1" dx="0.5588" dy="0.6096" y="0" x="0.4191" name="2"/><wire layer="25" width="0" y2="0.3048" x2="-0.1397" y1="-0.3048" x1="-0.1397"/><wire layer="25" width="0" y2="0.3048" x2="-0.5461" y1="0.3048" x1="-0.1397"/><wire layer="25" width="0" y2="-0.3048" x2="-0.5461" y1="0.3048" x1="-0.5461"/><wire layer="25" width="0" y2="-0.3048" x2="-0.1397" y1="-0.3048" x1="-0.5461"/><wire layer="25" width="0" y2="-0.3048" x2="0.1397" y1="0.3048" x1="0.1397"/><wire layer="25" width="0" y2="-0.3048" x2="0.5461" y1="-0.3048" x1="0.1397"/><wire layer="25" width="0" y2="0.3048" x2="0.5461" y1="-0.3048" x1="0.5461"/><wire layer="25" width="0" y2="0.3048" x2="0.1397" y1="0.3048" x1="0.5461"/><wire layer="25" width="0" y2="-0.3048" x2="0.5461" y1="-0.3048" x1="-0.5461"/><wire layer="25" width="0" y2="0.3048" x2="0.5461" y1="-0.3048" x1="0.5461"/><wire layer="25" width="0" y2="0.3048" x2="-0.5461" y1="0.3048" x1="0.5461"/><wire layer="25" width="0" y2="-0.3048" x2="-0.5461" y1="0.3048" x1="-0.5461"/></package><package name="CRCW04021K18FKED"><smd layer="1" dx="0.5588" dy="0.6096" y="0" x="-0.4191" name="1"/><smd layer="1" dx="0.5588" dy="0.6096" y="0" x="0.4191" name="2"/><wire layer="25" width="0" y2="0.3048" x2="-0.1397" y1="-0.3048" x1="-0.1397"/><wire layer="25" width="0" y2="0.3048" x2="-0.5461" y1="0.3048" x1="-0.1397"/><wire layer="25" width="0" y2="-0.3048" x2="-0.5461" y1="0.3048" x1="-0.5461"/><wire layer="25" width="0" y2="-0.3048" x2="-0.1397" y1="-0.3048" x1="-0.5461"/><wire layer="25" width="0" y2="-0.3048" x2="0.1397" y1="0.3048" x1="0.1397"/><wire layer="25" width="0" y2="-0.3048" x2="0.5461" y1="-0.3048" x1="0.1397"/><wire layer="25" width="0" y2="0.3048" x2="0.5461" y1="-0.3048" x1="0.5461"/><wire layer="25" width="0" y2="0.3048" x2="0.1397" y1="0.3048" x1="0.5461"/><wire layer="25" width="0" y2="-0.3048" x2="0.5461" y1="-0.3048" x1="-0.5461"/><wire layer="25" width="0" y2="0.3048" x2="0.5461" y1="-0.3048" x1="0.5461"/><wire layer="25" width="0" y2="0.3048" x2="-0.5461" y1="0.3048" x1="0.5461"/><wire layer="25" width="0" y2="-0.3048" x2="-0.5461" y1="0.3048" x1="-0.5461"/></package><package name="CRCW040269K8FKED"><smd layer="1" dx="0.5588" dy="0.6096" y="0" x="-0.4191" name="1"/><smd layer="1" dx="0.5588" dy="0.6096" y="0" x="0.4191" name="2"/><wire layer="25" width="0" y2="0.3048" x2="-0.1397" y1="-0.3048" x1="-0.1397"/><wire layer="25" width="0" y2="0.3048" x2="-0.5461" y1="0.3048" x1="-0.1397"/><wire layer="25" width="0" y2="-0.3048" x2="-0.5461" y1="0.3048" x1="-0.5461"/><wire layer="25" width="0" y2="-0.3048" x2="-0.1397" y1="-0.3048" x1="-0.5461"/><wire layer="25" width="0" y2="-0.3048" x2="0.1397" y1="0.3048" x1="0.1397"/><wire layer="25" width="0" y2="-0.3048" x2="0.5461" y1="-0.3048" x1="0.1397"/><wire layer="25" width="0" y2="0.3048" x2="0.5461" y1="-0.3048" x1="0.5461"/><wire layer="25" width="0" y2="0.3048" x2="0.1397" y1="0.3048" x1="0.5461"/><wire layer="25" width="0" y2="-0.3048" x2="0.5461" y1="-0.3048" x1="-0.5461"/><wire layer="25" width="0" y2="0.3048" x2="0.5461" y1="-0.3048" x1="0.5461"/><wire layer="25" width="0" y2="0.3048" x2="-0.5461" y1="0.3048" x1="0.5461"/><wire layer="25" width="0" y2="-0.3048" x2="-0.5461" y1="0.3048" x1="-0.5461"/></package><package name="CRCW040210K0FKED"><smd layer="1" dx="0.5588" dy="0.6096" y="0" x="-0.4191" name="1"/><smd layer="1" dx="0.5588" dy="0.6096" y="0" x="0.4191" name="2"/><wire layer="25" width="0" y2="0.3048" x2="-0.1397" y1="-0.3048" x1="-0.1397"/><wire layer="25" width="0" y2="0.3048" x2="-0.5461" y1="0.3048" x1="-0.1397"/><wire layer="25" width="0" y2="-0.3048" x2="-0.5461" y1="0.3048" x1="-0.5461"/><wire layer="25" width="0" y2="-0.3048" x2="-0.1397" y1="-0.3048" x1="-0.5461"/><wire layer="25" width="0" y2="-0.3048" x2="0.1397" y1="0.3048" x1="0.1397"/><wire layer="25" width="0" y2="-0.3048" x2="0.5461" y1="-0.3048" x1="0.1397"/><wire layer="25" width="0" y2="0.3048" x2="0.5461" y1="-0.3048" x1="0.5461"/><wire layer="25" width="0" y2="0.3048" x2="0.1397" y1="0.3048" x1="0.5461"/><wire layer="25" width="0" y2="-0.3048" x2="0.5461" y1="-0.3048" x1="-0.5461"/><wire layer="25" width="0" y2="0.3048" x2="0.5461" y1="-0.3048" x1="0.5461"/><wire layer="25" width="0" y2="0.3048" x2="-0.5461" y1="0.3048" x1="0.5461"/><wire layer="25" width="0" y2="-0.3048" x2="-0.5461" y1="0.3048" x1="-0.5461"/></package><package name="CRCW040216K2FKED"><smd layer="1" dx="0.5588" dy="0.6096" y="0" x="-0.4191" name="1"/><smd layer="1" dx="0.5588" dy="0.6096" y="0" x="0.4191" name="2"/><wire layer="25" width="0" y2="0.3048" x2="-0.1397" y1="-0.3048" x1="-0.1397"/><wire layer="25" width="0" y2="0.3048" x2="-0.5461" y1="0.3048" x1="-0.1397"/><wire layer="25" width="0" y2="-0.3048" x2="-0.5461" y1="0.3048" x1="-0.5461"/><wire layer="25" width="0" y2="-0.3048" x2="-0.1397" y1="-0.3048" x1="-0.5461"/><wire layer="25" width="0" y2="-0.3048" x2="0.1397" y1="0.3048" x1="0.1397"/><wire layer="25" width="0" y2="-0.3048" x2="0.5461" y1="-0.3048" x1="0.1397"/><wire layer="25" width="0" y2="0.3048" x2="0.5461" y1="-0.3048" x1="0.5461"/><wire layer="25" width="0" y2="0.3048" x2="0.1397" y1="0.3048" x1="0.5461"/><wire layer="25" width="0" y2="-0.3048" x2="0.5461" y1="-0.3048" x1="-0.5461"/><wire layer="25" width="0" y2="0.3048" x2="0.5461" y1="-0.3048" x1="0.5461"/><wire layer="25" width="0" y2="0.3048" x2="-0.5461" y1="0.3048" x1="0.5461"/><wire layer="25" width="0" y2="-0.3048" x2="-0.5461" y1="0.3048" x1="-0.5461"/></package><package name="CRCW0402100RFKED"><smd layer="1" dx="0.5588" dy="0.6096" y="0" x="-0.4191" name="1"/><smd layer="1" dx="0.5588" dy="0.6096" y="0" x="0.4191" name="2"/><wire layer="25" width="0" y2="0.3048" x2="-0.1397" y1="-0.3048" x1="-0.1397"/><wire layer="25" width="0" y2="0.3048" x2="-0.5461" y1="0.3048" x1="-0.1397"/><wire layer="25" width="0" y2="-0.3048" x2="-0.5461" y1="0.3048" x1="-0.5461"/><wire layer="25" width="0" y2="-0.3048" x2="-0.1397" y1="-0.3048" x1="-0.5461"/><wire layer="25" width="0" y2="-0.3048" x2="0.1397" y1="0.3048" x1="0.1397"/><wire layer="25" width="0" y2="-0.3048" x2="0.5461" y1="-0.3048" x1="0.1397"/><wire layer="25" width="0" y2="0.3048" x2="0.5461" y1="-0.3048" x1="0.5461"/><wire layer="25" width="0" y2="0.3048" x2="0.1397" y1="0.3048" x1="0.5461"/><wire layer="25" width="0" y2="-0.3048" x2="0.5461" y1="-0.3048" x1="-0.5461"/><wire layer="25" width="0" y2="0.3048" x2="0.5461" y1="-0.3048" x1="0.5461"/><wire layer="25" width="0" y2="0.3048" x2="-0.5461" y1="0.3048" x1="0.5461"/><wire layer="25" width="0" y2="-0.3048" x2="-0.5461" y1="0.3048" x1="-0.5461"/></package><package name="CL21C122JBFNNWE"><smd layer="1" dx="1.1176" dy="1.4478" y="0" x="-0.9017" name="1"/><smd layer="1" dx="1.1176" dy="1.4478" y="0" x="0.9017" name="2"/><wire layer="25" width="0" y2="0.7239" x2="-0.3429" y1="-0.7239" x1="-0.3429"/><wire layer="25" width="0" y2="0.7239" x2="-1.1049" y1="0.7239" x1="-0.3429"/><wire layer="25" width="0" y2="-0.7239" x2="-1.1049" y1="0.7239" x1="-1.1049"/><wire layer="25" width="0" y2="-0.7239" x2="-0.3429" y1="-0.7239" x1="-1.1049"/><wire layer="25" width="0" y2="-0.7239" x2="0.3429" y1="0.7239" x1="0.3429"/><wire layer="25" width="0" y2="-0.7239" x2="1.1049" y1="-0.7239" x1="0.3429"/><wire layer="25" width="0" y2="0.7239" x2="1.1049" y1="-0.7239" x1="1.1049"/><wire layer="25" width="0" y2="0.7239" x2="0.3429" y1="0.7239" x1="1.1049"/><wire layer="25" width="0" y2="-0.7239" x2="1.1049" y1="-0.7239" x1="-1.1049"/><wire layer="25" width="0" y2="0.7239" x2="1.1049" y1="-0.7239" x1="1.1049"/><wire layer="25" width="0" y2="0.7239" x2="-1.1049" y1="0.7239" x1="1.1049"/><wire layer="25" width="0" y2="-0.7239" x2="-1.1049" y1="0.7239" x1="-1.1049"/></package><package name="GRM21BR71A225KA01L"><smd layer="1" dx="1.1176" dy="1.4478" y="0" x="-0.9017" name="1"/><smd layer="1" dx="1.1176" dy="1.4478" y="0" x="0.9017" name="2"/><wire layer="25" width="0" y2="0.7239" x2="-0.3429" y1="-0.7239" x1="-0.3429"/><wire layer="25" width="0" y2="0.7239" x2="-1.1049" y1="0.7239" x1="-0.3429"/><wire layer="25" width="0" y2="-0.7239" x2="-1.1049" y1="0.7239" x1="-1.1049"/><wire layer="25" width="0" y2="-0.7239" x2="-0.3429" y1="-0.7239" x1="-1.1049"/><wire layer="25" width="0" y2="-0.7239" x2="0.3429" y1="0.7239" x1="0.3429"/><wire layer="25" width="0" y2="-0.7239" x2="1.1049" y1="-0.7239" x1="0.3429"/><wire layer="25" width="0" y2="0.7239" x2="1.1049" y1="-0.7239" x1="1.1049"/><wire layer="25" width="0" y2="0.7239" x2="0.3429" y1="0.7239" x1="1.1049"/><wire layer="25" width="0" y2="-0.7239" x2="1.1049" y1="-0.7239" x1="-1.1049"/><wire layer="25" width="0" y2="0.7239" x2="1.1049" y1="-0.7239" x1="1.1049"/><wire layer="25" width="0" y2="0.7239" x2="-1.1049" y1="0.7239" x1="1.1049"/><wire layer="25" width="0" y2="-0.7239" x2="-1.1049" y1="0.7239" x1="-1.1049"/></package></packages></library></libraries><designrules name="custom"><param name="layerSetup" value="((1*2)+(15*16))"/></designrules><elements><element rot="SR180" y="45.6692" x="51.1302" value="" package="0402" library="ultra-librarian" name="Cbp"><attribute align="bottom-left" display="value" layer="51" size="1.778" y="47.5488" x="52.0954" value="Cbp" name="RefDes"/><attribute align="bottom-left" display="off" layer="51" size="1.778" y="47.5488" x="52.0954" value="GRM155R61A104KA01D" name="Type"/></element><element rot="R90" y="46.6598" x="38.2016" value="" package="0402" library="ultra-librarian" name="Ccomp"><attribute align="bottom-left" display="value" layer="51" size="1.778" y="46.228" x="31.75" value="Ccomp" name="RefDes"/><attribute align="bottom-left" display="off" layer="51" size="1.778" y="46.228" x="31.75" value="GRM155R61A823KA01D" name="Type"/></element><element rot="R90" y="46.6598" x="41.275" value="" package="0805" library="ultra-librarian" name="Ccomp2"><attribute align="bottom-left" display="value" layer="51" size="1.778" y="49.403" x="35.814" value="Ccomp2" name="RefDes"/><attribute align="bottom-left" display="off" layer="51" size="1.778" y="49.403" x="35.814" value="GRM2195C1H512JA01D" name="Type"/></element><element rot="SR180" y="43.942" x="77.6986" value="" package="CAPSMT_6_S09" library="ultra-librarian" name="Cin"><attribute align="bottom-left" display="value" layer="51" size="1.778" y="43.434" x="82.169" value="Cin" name="RefDes"/><attribute align="bottom-left" display="off" layer="51" size="1.778" y="43.434" x="82.169" value="10TPU4R7MSI" name="Type"/></element><element rot="SR180" y="64.1604" x="42.926" value="" package="1206_190" library="ultra-librarian" name="Cout_1"/><element rot="SR180" y="66.4972" x="42.926" value="" package="1206_190" library="ultra-librarian" name="Cout_2"/><element rot="R90" y="46.6598" x="47.3202" value="" package="0805" library="ultra-librarian" name="Cramp"><attribute align="bottom-left" display="value" layer="51" size="1.778" y="49.149" x="48.006" value="Cramp" name="RefDes"/><attribute align="bottom-left" display="off" layer="51" size="1.778" y="49.149" x="48.006" value="CL21C122JBFNNWE" name="Type"/></element><element rot="SR270" y="62.9412" x="66.0146" value="" package="0805" library="ultra-librarian" name="Csep"><attribute align="bottom-left" display="value" layer="51" size="1.778" y="59.563" x="64.135" value="Csep" name="RefDes"/><attribute align="bottom-left" display="off" layer="51" size="1.778" y="59.563" x="64.135" value="GRM21BR71A225KA01L" name="Type"/></element><element y="65.2526" x="52.2986" value="" package="SMB" library="ultra-librarian" name="D1"><attribute align="bottom-left" display="value" layer="51" size="1.778" y="67.31" x="57.277" value="D1" name="RefDes"/><attribute align="bottom-left" display="off" layer="51" size="1.778" y="67.31" x="57.277" value="B220-13-F" name="Type"/></element><element rot="SR270" y="30.9626" x="67.2846" value="" package="TP-1502" library="ultra-librarian" name="GND"><attribute align="bottom-left" display="value" layer="51" size="1.778" y="34.036" x="65.024" value="GND" name="RefDes"/><attribute align="bottom-left" display="off" layer="51" size="1.778" y="34.036" x="65.024" value="TP-1502" name="Type"/></element><element rot="SR270" y="94.996" x="88.646" value="" package="TP-1502" library="ultra-librarian" name="GND1"><attribute align="bottom-left" display="value" layer="51" size="1.778" y="90.551" x="87.249" value="GND1" name="RefDes"/><attribute align="bottom-left" display="off" layer="51" size="1.778" y="90.551" x="87.249" value="TP-1502" name="Type"/></element><element y="51.5112" x="77.6986" value="" package="IND_NPI75C" library="ultra-librarian" name="Lin"><attribute align="bottom-left" display="value" layer="51" size="1.778" y="52.959" x="86.995" value="Lin" name="RefDes"/><attribute align="bottom-left" display="off" layer="51" size="1.778" y="52.959" x="86.995" value="NPI75C120MTRF" name="Type"/></element><element y="67.3608" x="77.6986" value="" package="SRN8040" library="ultra-librarian" name="Lout"><attribute align="bottom-left" display="value" layer="51" size="1.778" y="70.866" x="87.376" value="Lout" name="RefDes"/><attribute align="bottom-left" display="off" layer="51" size="1.778" y="70.866" x="87.376" value="SRN8040-330M" name="Type"/></element><element y="51.5366" x="53.1876" value="" package="DQG0008A" library="ultra-librarian" name="M1"><attribute align="bottom-left" display="value" layer="51" size="1.778" y="60.452" x="48.4124" value="M1" name="RefDes"/><attribute align="bottom-left" display="off" layer="51" size="1.778" y="60.452" x="48.4124" value="CSD17308Q3" name="Type"/></element><element rot="SR180" y="46.2026" x="56.5912" value="" package="0402" library="ultra-librarian" name="Rbp"><attribute align="bottom-left" display="value" layer="51" size="1.778" y="45.974" x="59.055" value="Rbp" name="RefDes"/><attribute align="bottom-left" display="off" layer="51" size="1.778" y="45.974" x="59.055" value="CRCW040220R0FKED" name="Type"/></element><element rot="SR180" y="42.3672" x="43.2562" value="" package="0402" library="ultra-librarian" name="Rcomp"><attribute align="bottom-left" display="value" layer="51" size="1.778" y="43.307" x="36.576" value="Rcomp" name="RefDes"/><attribute align="bottom-left" display="off" layer="51" size="1.778" y="43.307" x="36.576" value="CRCW04021K18FKED" name="Type"/></element><element rot="SR180" y="43.5356" x="56.5912" value="" package="0402" library="ultra-librarian" name="Rfadj"><attribute align="bottom-left" display="value" layer="51" size="1.778" y="43.2816" x="59.182" value="Rfadj" name="RefDes"/><attribute align="bottom-left" display="off" layer="51" size="1.778" y="43.2816" x="59.182" value="CRCW040269K8FKED" name="Type"/></element><element rot="SR270" y="38.9636" x="44.196" value="" package="0402" library="ultra-librarian" name="Rfb1"><attribute align="bottom-left" display="value" layer="51" size="1.778" y="35.2298" x="42.926" value="Rfb1" name="RefDes"/><attribute align="bottom-left" display="off" layer="51" size="1.778" y="35.2298" x="42.926" value="CRCW040210K0FKED" name="Type"/></element><element y="39.8526" x="40.6654" value="" package="0402" library="ultra-librarian" name="Rfb2"><attribute align="bottom-left" display="value" rot="R90" layer="51" size="1.778" y="34.798" x="42.4688" value="Rfb2" name="RefDes"/><attribute align="bottom-left" display="off" rot="R90" layer="51" size="1.778" y="34.798" x="42.4688" value="CRCW040216K2FKED" name="Type"/></element><element rot="R90" y="46.6598" x="44.1452" value="" package="0402" library="ultra-librarian" name="Rramp"><attribute align="bottom-left" display="value" layer="51" size="1.778" y="49.276" x="42.3672" value="Rramp" name="RefDes"/><attribute align="bottom-left" display="off" layer="51" size="1.778" y="49.276" x="42.3672" value="CRCW0402100RFKED" name="Type"/></element><element rot="SR180" y="52.4256" x="42.9006" value="" package="1210" library="ultra-librarian" name="Rsense"><attribute align="bottom-left" display="value" layer="51" size="1.778" y="54.356" x="36.195" value="Rsense" name="RefDes"/><attribute align="bottom-left" display="off" layer="51" size="1.778" y="54.356" x="36.195" value="ERJ-L14KF33MU" name="Type"/></element><element y="42.0878" x="49.8856" value="" package="MUA08A" library="ultra-librarian" name="U1"><attribute align="bottom-left" display="value" layer="51" size="1.778" y="39.243" x="51.308" value="U1" name="RefDes"/><attribute align="bottom-left" display="off" layer="51" size="1.778" y="39.243" x="51.308" value="LM3488MMX/NOPB" name="Type"/></element><element rot="SR270" y="30.9626" x="88.646" value="" package="TP-1502" library="ultra-librarian" name="VIN"><attribute align="bottom-left" display="value" layer="51" size="1.778" y="34.036" x="86.995" value="VIN" name="RefDes"/><attribute align="bottom-left" display="off" layer="51" size="1.778" y="34.036" x="86.995" value="TP-1502" name="Type"/></element><element rot="SR270" y="94.996" x="67.2846" value="" package="TP-1502" library="ultra-librarian" name="VOUT"><attribute align="bottom-left" display="value" layer="51" size="1.778" y="90.424" x="65.151" value="VOUT" name="RefDes"/><attribute align="bottom-left" display="off" layer="51" size="1.778" y="90.424" x="65.151" value="TP-1502" name="Type"/></element></elements><signals><signal name="2"><wire layer="1" width="0.3556" y2="39.878" x2="39.8526" y1="39.878" x1="38.354"/><wire layer="1" width="0.3556" y2="94.996" x2="47.2948" y1="92.8116" x1="45.1104"/><wire layer="1" width="0.3556" y2="94.996" x2="67.31" y1="94.996" x1="47.2948"/><wire layer="1" width="0.3556" y2="67.564" x2="50.927" y1="67.564" x1="45.1358"/><wire layer="1" width="0.3556" y2="67.564" x2="45.1358" y1="67.5386" x1="45.1104"/><wire layer="1" width="0.3556" y2="92.8116" x2="45.1104" y1="67.5386" x1="45.1104"/><wire layer="1" width="0.254" y2="39.8653" x2="40.3098" y1="39.8653" x1="39.37"/><polygon spacing="0.254" layer="1" width="0" rank="3"><vertex y="98.298" x="77.47"/><vertex y="78.74" x="77.47"/><vertex y="78.74" x="52.07"/><vertex y="63.246" x="52.07"/><vertex y="63.246" x="43.18"/><vertex y="98.298" x="43.18"/></polygon><wire layer="16" width="0.3556" y2="39.878" x2="38.354" y1="39.878" x1="26.416"/><wire layer="16" width="0.3556" y2="39.878" x2="26.416" y1="40.259" x1="26.035"/><wire layer="16" width="0.3556" y2="98.425" x2="26.035" y1="40.259" x1="26.035"/><wire layer="16" width="0.3556" y2="98.806" x2="66.929" y1="98.806" x1="26.416"/><wire layer="16" width="0.3556" y2="98.425" x2="67.31" y1="98.806" x1="66.929"/><wire layer="16" width="0.3556" y2="98.425" x2="67.31" y1="94.996" x1="67.31"/><wire layer="16" width="0.3556" y2="98.806" x2="26.416" y1="98.425" x1="26.035"/><via shape="round" drill="0.3556" diameter="0.635" extent="1-16" y="39.878" x="38.354"/><via shape="round" drill="2.4892" diameter="3.4798" extent="1-16" y="94.996" x="67.31"/><contactref pad="1" element="Cout_1"/><contactref pad="1" element="Cout_2"/><contactref pad="1" element="D1"/><contactref pad="1" element="Rfb2"/><contactref pad="1" element="VOUT"/></signal><signal name="8"><wire layer="1" width="0.3556" y2="39.6494" x2="44.3484" y1="39.6494" x1="43.0022"/><wire layer="1" width="0.3556" y2="39.6494" x2="43.0022" y1="39.878" x1="42.799"/><wire layer="1" width="0.3556" y2="39.878" x2="42.799" y1="39.878" x1="41.5544"/><wire layer="1" width="0.3556" y2="41.783" x2="46.482" y1="39.6494" x1="44.3484"/><wire layer="1" width="0.3556" y2="41.783" x2="47.8028" y1="41.783" x1="46.482"/><wire layer="1" width="0.254" y2="40.2844" x2="44.1833" y1="39.3446" x1="44.1833"/><wire layer="1" width="0.254" y2="39.8653" x2="42.0116" y1="39.8653" x1="41.0718"/><contactref pad="1" element="Rfb1"/><contactref pad="2" element="Rfb2"/><contactref pad="3" element="U1"/></signal><signal name="0"><wire layer="1" width="0.508" y2="94.996" x2="88.646" y1="94.996" x1="84.963"/><wire layer="1" width="0.508" y2="94.996" x2="84.963" y1="92.3798" x1="82.3468"/><wire layer="1" width="0.508" y2="43.561" x2="76.8604" y1="32.7914" x1="76.8604"/><wire layer="1" width="0.508" y2="32.7914" x2="76.8604" y1="30.988" x1="75.057"/><wire layer="1" width="0.508" y2="30.988" x2="75.057" y1="30.988" x1="67.31"/><wire layer="1" width="0.508" y2="92.3798" x2="82.3468" y1="70.612" x1="82.3468"/><wire layer="1" width="0.508" y2="41.1226" x2="56.8706" y1="41.1226" x1="47.8028"/><wire layer="1" width="0.508" y2="47.5234" x2="49.6062" y1="47.5234" x1="47.371"/><wire layer="1" width="0.508" y2="46.8122" x2="50.3174" y1="47.5234" x1="49.6062"/><wire layer="1" width="0.508" y2="46.8122" x2="50.3174" y1="45.72" x1="50.3174"/><wire layer="1" width="0.508" y2="45.72" x2="50.3174" y1="44.6024" x1="50.3174"/><wire layer="1" width="0.508" y2="44.6024" x2="50.3174" y1="44.196" x1="49.911"/><wire layer="1" width="0.508" y2="44.196" x2="49.911" y1="43.0784" x1="49.911"/><wire layer="1" width="0.508" y2="43.0784" x2="49.911" y1="42.164" x1="49.911"/><wire layer="1" width="0.508" y2="42.164" x2="49.911" y1="41.275" x1="49.911"/><wire layer="1" width="0.508" y2="50.546" x2="43.1038" y1="50.546" x1="42.672"/><wire layer="1" width="0.508" y2="50.546" x2="42.672" y1="50.546" x1="41.91"/><wire layer="1" width="0.508" y2="52.451" x2="41.4528" y1="50.9778" x1="41.4528"/><wire layer="1" width="0.508" y2="50.546" x2="41.91" y1="50.9778" x1="41.4528"/><wire layer="1" width="0.508" y2="49.276" x2="43.1038" y1="49.276" x1="42.672"/><wire layer="1" width="0.508" y2="49.276" x2="42.672" y1="49.276" x1="41.91"/><wire layer="1" width="0.508" y2="50.546" x2="42.672" y1="49.276" x1="42.672"/><wire layer="1" width="0.508" y2="49.276" x2="41.91" y1="48.641" x1="41.275"/><wire layer="1" width="0.508" y2="48.641" x2="41.275" y1="47.5234" x1="41.275"/><wire layer="1" width="0.508" y2="43.561" x2="76.8604" y1="43.561" x1="57.4802"/><wire layer="1" width="0.508" y2="43.561" x2="57.4802" y1="41.7322" x1="57.4802"/><wire layer="1" width="0.508" y2="41.7322" x2="57.4802" y1="41.1226" x1="56.8706"/><wire layer="1" width="0.508" y2="41.1226" x2="47.8028" y1="38.5826" x1="47.8028"/><wire layer="1" width="0.508" y2="38.5826" x2="47.8028" y1="37.9476" x1="47.1678"/><wire layer="1" width="0.508" y2="37.9476" x2="47.1678" y1="37.9476" x1="35.941"/><wire layer="1" width="0.508" y2="37.9476" x2="35.941" y1="38.862" x1="35.052"/><wire layer="1" width="0.508" y2="46.736" x2="35.052" y1="38.862" x1="35.052"/><wire layer="1" width="0.508" y2="47.5234" x2="35.8394" y1="46.736" x1="35.052"/><wire layer="1" width="0.508" y2="47.5234" x2="38.227" y1="47.5234" x1="35.8394"/><wire layer="1" width="0.508" y2="47.5234" x2="41.275" y1="47.5234" x1="38.227"/><wire layer="1" width="0.508" y2="64.4144" x2="41.4528" y1="52.451" x1="41.4528"/><wire layer="1" width="0.508" y2="64.4144" x2="41.4528" y1="65.1764" x1="40.6908"/><wire layer="1" width="0.508" y2="67.5386" x2="40.6908" y1="65.1764" x1="40.6908"/><wire layer="1" width="0.254" y2="45.7073" x2="50.7746" y1="45.7073" x1="49.8348"/><wire layer="1" width="0.254" y2="47.9806" x2="41.2623" y1="47.0408" x1="41.2623"/><wire layer="1" width="0.254" y2="47.9806" x2="38.2143" y1="47.0408" x1="38.2143"/><wire layer="1" width="0.254" y2="47.9806" x2="47.3583" y1="47.0408" x1="47.3583"/><wire layer="1" width="0.254" y2="43.5483" x2="57.9374" y1="43.5483" x1="56.9976"/><wire layer="1" width="0.254" y2="38.5826" x2="44.1833" y1="37.6428" x1="44.1833"/><wire layer="1" width="0.254" y2="52.4256" x2="41.9354" y1="52.4256" x1="40.9956"/><polygon spacing="0.254" layer="1" width="0" rank="5"><vertex y="98.298" x="77.978"/><vertex y="63.246" x="77.978"/><vertex y="63.246" x="132.842"/><vertex y="98.298" x="132.842"/></polygon><polygon spacing="0.254" layer="1" width="0" rank="5"><vertex y="44.704" x="77.47"/><vertex y="26.67" x="77.47"/><vertex y="26.67" x="26.67"/><vertex y="98.298" x="26.67"/><vertex y="98.298" x="42.672"/><vertex y="46.99" x="42.672"/><vertex y="46.99" x="36.068"/><vertex y="38.608" x="36.068"/><vertex y="38.608" x="46.736"/><vertex y="41.402" x="46.736"/><vertex y="41.402" x="49.022"/><vertex y="46.863" x="49.022"/><vertex y="46.863" x="46.482"/><vertex y="49.022" x="46.482"/><vertex y="49.022" x="42.799"/><vertex y="50.8" x="42.799"/><vertex y="50.8" x="48.26"/><vertex y="48.768" x="48.26"/><vertex y="48.768" x="50.927"/><vertex y="41.402" x="50.927"/><vertex y="41.402" x="56.769"/><vertex y="44.704" x="56.769"/></polygon><wire layer="16" width="0.508" y2="26.924" x2="77.978" y1="26.924" x1="68.58"/><wire layer="16" width="0.508" y2="26.924" x2="68.58" y1="28.194" x1="67.31"/><wire layer="16" width="0.508" y2="30.988" x2="67.31" y1="28.194" x1="67.31"/><wire layer="16" width="0.508" y2="46.99" x2="78.74" y1="46.99" x1="77.978"/><wire layer="16" width="0.508" y2="26.924" x2="78.74" y1="26.924" x1="77.978"/><wire layer="16" width="0.508" y2="46.99" x2="77.978" y1="46.99" x1="77.216"/><wire layer="16" width="0.508" y2="46.99" x2="77.978" y1="26.924" x1="77.978"/><polygon spacing="0.254" layer="16" width="0" rank="6"><vertex y="26.67" x="77.978"/><vertex y="63.246" x="77.978"/><vertex y="63.246" x="52.07"/><vertex y="47.244" x="52.07"/><vertex y="47.244" x="77.724"/><vertex y="26.67" x="77.724"/><vertex y="26.67" x="26.67"/><vertex y="98.298" x="26.67"/><vertex y="98.298" x="132.842"/><vertex y="26.67" x="132.842"/></polygon><via shape="round" drill="0.3556" diameter="0.635" extent="1-16" y="41.275" x="49.911"/><via shape="round" drill="0.3556" diameter="0.635" extent="1-16" y="42.164" x="49.911"/><via shape="round" drill="0.3556" diameter="0.635" extent="1-16" y="43.0784" x="49.911"/><via shape="round" drill="2.4892" diameter="3.4798" extent="1-16" y="30.988" x="67.31"/><via shape="round" drill="2.4892" diameter="3.4798" extent="1-16" y="94.996" x="88.646"/><contactref pad="2" element="Cbp"/><contactref pad="2" element="Ccomp"/><contactref pad="2" element="Ccomp2"/><contactref pad="2" element="Cin"/><contactref pad="2" element="Cout_1"/><contactref pad="2" element="Cout_2"/><contactref pad="2" element="Cramp"/><contactref pad="1" element="GND"/><contactref pad="1" element="GND1"/><contactref pad="2" element="Lout"/><contactref pad="1" element="Rfadj"/><contactref pad="2" element="Rfb1"/><contactref pad="2" element="Rsense"/><contactref pad="4" element="U1"/><contactref pad="5" element="U1"/></signal><signal name="3"><wire layer="1" width="0.508" y2="30.988" x2="88.646" y1="30.988" x1="80.391"/><wire layer="1" width="0.508" y2="30.988" x2="80.391" y1="32.7914" x1="78.5622"/><wire layer="1" width="0.508" y2="43.561" x2="78.5622" y1="32.7914" x1="78.5622"/><wire layer="1" width="0.508" y2="46.228" x2="77.978" y1="46.228" x1="57.4802"/><wire layer="1" width="0.508" y2="43.561" x2="81.4578" y1="43.561" x1="78.5622"/><wire layer="1" width="0.508" y2="44.45" x2="82.3468" y1="43.561" x1="81.4578"/><wire layer="1" width="0.508" y2="45.212" x2="82.3468" y1="44.45" x1="82.3468"/><wire layer="1" width="0.508" y2="55.245" x2="82.3468" y1="44.45" x1="82.3468"/><wire layer="1" width="0.508" y2="45.6184" x2="78.5622" y1="43.561" x1="78.5622"/><wire layer="1" width="0.508" y2="45.6184" x2="78.5622" y1="46.228" x1="77.978"/><wire layer="1" width="0.254" y2="46.2153" x2="57.9374" y1="46.2153" x1="56.9976"/><polygon spacing="0.254" layer="1" width="0" rank="4"><vertex y="62.738" x="77.978"/><vertex y="62.738" x="132.842"/><vertex y="26.67" x="132.842"/><vertex y="26.67" x="77.978"/></polygon><via shape="round" drill="2.4892" diameter="3.4798" extent="1-16" y="30.988" x="88.646"/><contactref pad="1" element="Cin"/><contactref pad="2" element="Lin"/><contactref pad="1" element="Rbp"/><contactref pad="1" element="VIN"/></signal><signal name="9"><wire layer="1" width="0.3556" y2="52.451" x2="45.339" y1="52.451" x1="44.7548"/><wire layer="1" width="0.3556" y2="52.451" x2="44.7548" y1="52.451" x1="44.3738"/><wire layer="1" width="0.3556" y2="54.4068" x2="44.7548" y1="54.0258" x1="44.3738"/><wire layer="1" width="0.3556" y2="54.0258" x2="44.3738" y1="52.451" x1="44.3738"/><wire layer="1" width="0.3556" y2="53.721" x2="46.609" y1="52.451" x1="45.339"/><wire layer="1" width="0.3556" y2="53.721" x2="48.4886" y1="53.721" x1="46.609"/><wire layer="1" width="0.3556" y2="47.5234" x2="45.593" y1="47.5234" x1="44.1452"/><wire layer="1" width="0.3556" y2="47.5234" x2="45.593" y1="47.5234" x1="45.593"/><wire layer="1" width="0.254" y2="47.9806" x2="44.1325" y1="47.0408" x1="44.1325"/><wire layer="1" width="0.254" y2="52.4256" x2="44.831" y1="52.4256" x1="43.8912"/><polygon spacing="0.254" layer="1" width="0"><vertex y="55.118" x="43.18"/><vertex y="55.118" x="52.07"/><vertex y="51.054" x="52.07"/><vertex y="51.054" x="43.18"/></polygon><wire layer="16" width="0.3556" y2="54.4068" x2="44.7548" y1="48.3616" x1="44.7548"/><wire layer="16" width="0.3556" y2="47.5234" x2="45.593" y1="48.3616" x1="44.7548"/><via shape="round" drill="0.3556" diameter="0.635" extent="1-16" y="47.5234" x="45.593"/><via shape="round" drill="0.3556" diameter="0.635" extent="1-16" y="54.4068" x="44.7548"/><contactref pad="1" element="M1"/><contactref pad="2" element="M1"/><contactref pad="3" element="M1"/><contactref pad="2" element="Rramp"/><contactref pad="1" element="Rsense"/></signal><signal name="5"><wire layer="1" width="0.508" y2="69.469" x2="66.04" y1="63.8302" x1="66.04"/><wire layer="1" width="0.508" y2="70.612" x2="67.183" y1="69.469" x1="66.04"/><wire layer="1" width="0.508" y2="70.612" x2="73.0758" y1="70.612" x1="67.183"/><wire layer="1" width="0.508" y2="67.564" x2="54.356" y1="64.9732" x1="54.356"/><wire layer="1" width="0.508" y2="63.8302" x2="66.04" y1="63.8302" x1="55.499"/><wire layer="1" width="0.508" y2="63.8302" x2="55.499" y1="64.9732" x1="54.356"/><wire layer="1" width="0.254" y2="64.2874" x2="66.0273" y1="63.3476" x1="66.0273"/><polygon spacing="0.254" layer="1" width="0" rank="3"><vertex y="63.246" x="52.578"/><vertex y="63.246" x="77.47"/><vertex y="78.232" x="77.47"/><vertex y="78.232" x="52.578"/></polygon><contactref pad="1" element="Csep"/><contactref pad="2" element="D1"/><contactref pad="1" element="Lout"/></signal><signal name="7"><wire layer="1" width="0.3556" y2="45.6946" x2="51.9938" y1="43.0784" x1="51.9938"/><wire layer="1" width="0.3556" y2="45.72" x2="52.0192" y1="45.6946" x1="51.9938"/><wire layer="1" width="0.3556" y2="45.6946" x2="53.8226" y1="45.6946" x1="51.9938"/><wire layer="1" width="0.3556" y2="46.228" x2="54.356" y1="45.6946" x1="53.8226"/><wire layer="1" width="0.3556" y2="46.228" x2="55.7784" y1="46.228" x1="54.356"/><wire layer="1" width="0.254" y2="45.7073" x2="52.4764" y1="45.7073" x1="51.5366"/><wire layer="1" width="0.254" y2="46.2153" x2="56.2356" y1="46.2153" x1="55.2958"/><contactref pad="1" element="Cbp"/><contactref pad="2" element="Rbp"/><contactref pad="8" element="U1"/></signal><signal name="4"><wire layer="1" width="0.3556" y2="42.418" x2="47.8028" y1="42.418" x1="44.1452"/><wire layer="1" width="0.3556" y2="45.8216" x2="41.275" y1="44.577" x1="41.275"/><wire layer="1" width="0.3556" y2="44.196" x2="41.656" y1="44.577" x1="41.275"/><wire layer="1" width="0.3556" y2="44.196" x2="43.688" y1="44.196" x1="41.656"/><wire layer="1" width="0.3556" y2="43.7134" x2="44.1452" y1="44.196" x1="43.688"/><wire layer="1" width="0.3556" y2="43.7134" x2="44.1452" y1="42.418" x1="44.1452"/><wire layer="1" width="0.254" y2="46.2788" x2="41.2623" y1="45.339" x1="41.2623"/><wire layer="1" width="0.254" y2="42.4053" x2="44.6024" y1="42.4053" x1="43.6626"/><contactref pad="1" element="Ccomp2"/><contactref pad="1" element="Rcomp"/><contactref pad="2" element="U1"/></signal><signal name="12"><wire layer="1" width="0.3556" y2="44.1198" x2="47.8028" y1="43.0784" x1="47.8028"/><wire layer="1" width="0.3556" y2="44.1198" x2="47.8028" y1="44.577" x1="47.371"/><wire layer="1" width="0.3556" y2="45.8216" x2="47.371" y1="44.577" x1="47.371"/><wire layer="1" width="0.3556" y2="45.8216" x2="47.371" y1="45.8216" x1="44.1452"/><wire layer="1" width="0.3556" y2="45.8216" x2="44.1452" y1="45.8216" x1="44.1452"/><wire layer="1" width="0.254" y2="46.2788" x2="47.3583" y1="45.339" x1="47.3583"/><wire layer="1" width="0.254" y2="46.2788" x2="44.1325" y1="45.339" x1="44.1325"/><contactref pad="1" element="Cramp"/><contactref pad="1" element="Rramp"/><contactref pad="1" element="U1"/></signal><signal name="13"><wire layer="1" width="0.3556" y2="42.418" x2="42.4434" y1="42.418" x1="40.6146"/><wire layer="1" width="0.3556" y2="42.418" x2="40.6146" y1="44.831" x1="38.227"/><wire layer="1" width="0.3556" y2="45.8216" x2="38.227" y1="44.831" x1="38.227"/><wire layer="1" width="0.254" y2="46.2788" x2="38.2143" y1="45.339" x1="38.2143"/><wire layer="1" width="0.254" y2="42.4053" x2="42.9006" y1="42.4053" x1="41.9608"/><contactref pad="1" element="Ccomp"/><contactref pad="2" element="Rcomp"/></signal><signal name="21"><wire layer="1" width="0.3556" y2="42.418" x2="53.086" y1="42.418" x1="51.9938"/><wire layer="1" width="0.3556" y2="43.561" x2="54.229" y1="42.418" x1="53.086"/><wire layer="1" width="0.3556" y2="43.561" x2="55.7784" y1="43.561" x1="54.229"/><wire layer="1" width="0.254" y2="43.5483" x2="56.2356" y1="43.5483" x1="55.2958"/><contactref pad="2" element="Rfadj"/><contactref pad="7" element="U1"/></signal><signal name="20"><wire layer="1" width="0.3556" y2="41.783" x2="53.7464" y1="41.783" x1="51.9938"/><wire layer="1" width="0.3556" y2="42.2148" x2="54.1782" y1="41.783" x1="53.7464"/><wire layer="1" width="0.3556" y2="58.2676" x2="48.4886" y1="58.2676" x1="45.466"/><wire layer="1" width="0.3556" y2="58.2676" x2="45.466" y1="58.293" x1="45.466"/><polygon spacing="0.254" layer="1" width="0"><vertex y="59.69" x="43.18"/><vertex y="55.626" x="43.18"/><vertex y="55.626" x="52.07"/><vertex y="59.69" x="52.07"/></polygon><polygon spacing="0.254" layer="1" width="0" rank="2"><vertex y="50.8" x="52.07"/><vertex y="49.276" x="52.07"/><vertex y="49.276" x="48.768"/><vertex y="50.8" x="48.768"/></polygon><wire layer="16" width="0.3556" y2="42.2148" x2="54.1782" y1="46.3804" x1="50.0126"/><wire layer="16" width="0.3556" y2="50.165" x2="50.0126" y1="46.3804" x1="50.0126"/><wire layer="16" width="0.3556" y2="56.6674" x2="50.0126" y1="50.165" x1="50.0126"/><wire layer="16" width="0.3556" y2="56.6674" x2="50.0126" y1="58.293" x1="48.387"/><wire layer="16" width="0.3556" y2="58.293" x2="48.387" y1="58.293" x1="45.466"/><via shape="round" drill="0.3556" diameter="0.635" extent="1-16" y="50.165" x="50.0126"/><via shape="round" drill="0.3556" diameter="0.635" extent="1-16" y="42.2148" x="54.1782"/><via shape="round" drill="0.3556" diameter="0.635" extent="1-16" y="58.293" x="45.466"/><contactref pad="4" element="M1"/><contactref pad="6" element="U1"/></signal><signal name="10"><wire layer="1" width="0.508" y2="55.245" x2="73.0758" y1="55.245" x1="67.437"/><wire layer="1" width="0.508" y2="55.245" x2="67.437" y1="56.642" x1="66.04"/><wire layer="1" width="0.508" y2="62.1284" x2="66.04" y1="56.642" x1="66.04"/><wire layer="1" width="0.508" y2="62.1284" x2="66.04" y1="62.1284" x1="56.5404"/><wire layer="1" width="0.508" y2="62.1284" x2="56.5404" y1="61.2902" x1="55.7022"/><wire layer="1" width="0.508" y2="61.2902" x2="55.7022" y1="56.007" x1="55.7022"/><wire layer="1" width="0.254" y2="62.5856" x2="66.0273" y1="61.6458" x1="66.0273"/><polygon spacing="0.254" layer="1" width="0" rank="2"><vertex y="62.738" x="52.578"/><vertex y="47.752" x="52.578"/><vertex y="47.752" x="77.47"/><vertex y="62.738" x="77.47"/></polygon><polygon spacing="0.254" layer="16" width="0" rank="4"><vertex y="47.752" x="52.578"/><vertex y="47.752" x="77.47"/><vertex y="62.738" x="77.47"/><vertex y="62.738" x="52.578"/></polygon><via shape="round" drill="0.3556" diameter="0.635" extent="1-16" y="58.039" x="57.785"/><via shape="round" drill="0.3556" diameter="0.635" extent="1-16" y="57.15" x="57.785"/><via shape="round" drill="0.3556" diameter="0.635" extent="1-16" y="55.372" x="57.785"/><via shape="round" drill="0.3556" diameter="0.635" extent="1-16" y="56.261" x="57.785"/><via shape="round" drill="0.3556" diameter="0.635" extent="1-16" y="54.483" x="57.785"/><via shape="round" drill="0.3556" diameter="0.635" extent="1-16" y="53.594" x="57.785"/><via shape="round" drill="0.3556" diameter="0.635" extent="1-16" y="53.213" x="56.896"/><via shape="round" drill="0.3556" diameter="0.635" extent="1-16" y="54.102" x="56.896"/><via shape="round" drill="0.3556" diameter="0.635" extent="1-16" y="54.991" x="56.896"/><via shape="round" drill="0.3556" diameter="0.635" extent="1-16" y="55.88" x="56.896"/><via shape="round" drill="0.3556" diameter="0.635" extent="1-16" y="56.769" x="56.896"/><via shape="round" drill="0.3556" diameter="0.635" extent="1-16" y="57.658" x="56.896"/><via shape="round" drill="0.3556" diameter="0.635" extent="1-16" y="58.547" x="56.896"/><contactref pad="2" element="Csep"/><contactref pad="1" element="Lin"/><contactref pad="5" element="M1"/><contactref pad="6" element="M1"/><contactref pad="7" element="M1"/><contactref pad="8" element="M1"/><contactref pad="9" element="M1"/></signal></signals></board></drawing></eagle>
