<eagle version="6.1"><drawing><settings><setting alwaysvectorfont="no" verticaltext="up"/></settings><grid distance="0.1" unitdist="inch" unit="inch" style="lines" multiple="1" display="no" altdistance="0.01" altunitdist="inch" altunit="inch"/><layers><layer number="91" name="Nets" color="2" fill="1" visible="yes" active="yes"/><layer number="92" name="Busses" color="1" fill="1" visible="yes" active="yes"/><layer number="93" name="Pins" color="2" fill="1" visible="no" active="yes"/><layer number="94" name="Symbols" color="4" fill="1" visible="yes" active="yes"/><layer number="95" name="Names" color="7" fill="1" visible="yes" active="yes"/><layer number="96" name="Values" color="7" fill="1" visible="yes" active="yes"/><layer number="97" name="Info" color="7" fill="1" visible="yes" active="yes"/><layer number="98" name="Guide" color="6" fill="1" visible="yes" active="yes"/></layers><schematic><libraries><library name="AcceleratedDesigns_Lib"><packages><package name="0805"><pad name="1" drill="0" y="0" x="-0.9017"/><pad name="2" drill="0" y="0" x="0.9017"/></package><package name="0402"><pad name="1" drill="0" y="0" x="-0.4191"/><pad name="2" drill="0" y="0" x="0.4191"/></package><package name="DRC0010J"><pad name="1" drill="0" y="1" x="-1.4"/><pad name="2" drill="0" y="0.5" x="-1.4"/><pad name="3" drill="0" y="0" x="-1.4"/><pad name="4" drill="0" y="-0.5" x="-1.4"/><pad name="5" drill="0" y="-1" x="-1.4"/><pad name="6" drill="0" y="-1" x="1.4"/><pad name="7" drill="0" y="-0.5" x="1.4"/><pad name="8" drill="0" y="0" x="1.4"/><pad name="9" drill="0" y="0.5" x="1.4"/><pad name="10" drill="0" y="1" x="1.4"/><pad name="11" drill="0" y="0" x="0"/></package><package name="WB_LOAD_RESISTOR"><pad name="1" drill="0" y="0" x="0"/><pad name="2" drill="0" y="0" x="0"/></package><package name="WB_GND"><pad name="1" drill="0" y="0" x="0"/></package><package name="WB_STARTUP_VOLTAGE_SOURCE"><pad name="1" drill="0" y="0" x="0"/><pad name="2" drill="0" y="0" x="0"/></package></packages><symbols><symbol name="LMK212BJ106KG-T@1"><pin name="1@1" x="7.62" y="0" rot="MR0" direction="pas" length="short" visible="off" swaplevel="0"/><pin name="2@2" x="-7.62" y="0" rot="MR180" direction="pas" length="short" visible="off" swaplevel="0"/><wire x1="7.62" y1="0" x2="5.08" y2="0" width="0.1524" layer="94"/><wire x1="-7.62" y1="0" x2="-5.08" y2="0" width="0.1524" layer="94"/><wire x1="0.762" y1="-3.048" x2="0.762" y2="3.048" width="0.1524" layer="94"/><wire x1="-5.08" y1="0" x2="-0.762" y2="0" width="0.1524" layer="94"/><wire x1="0.762" y1="0" x2="5.08" y2="0" width="0.1524" layer="94"/><wire x1="-0.762" y1="-3.048" x2="-0.762" y2="3.048" width="0.1524" layer="94"/><text size="2" x="0" y="7.62" layer="95" align="center">&gt;NAME</text><text size="2" x="0" y="5.08" layer="96" align="center">&gt;VALUE</text></symbol><symbol name="WB_LOAD_RESISTOR@1"><pin name="1@1" x="7.62" y="0" rot="MR0" direction="pas" length="short" visible="off" swaplevel="0"/><pin name="2@2" x="-7.62" y="0" rot="MR180" direction="pas" length="short" visible="off" swaplevel="0"/><wire x1="7.62" y1="0" x2="5.08" y2="0" width="0.1524" layer="94"/><wire x1="5.08" y1="0" x2="3.81" y2="1.524" width="0.1524" layer="94"/><wire x1="3.81" y1="1.524" x2="1.905" y2="-1.524" width="0.1524" layer="94"/><wire x1="1.905" y1="-1.524" x2="0" y2="1.524" width="0.1524" layer="94"/><wire x1="0" y1="1.524" x2="-1.905" y2="-1.524" width="0.1524" layer="94"/><wire x1="-1.905" y1="-1.524" x2="-3.81" y2="1.524" width="0.1524" layer="94"/><wire x1="-3.81" y1="1.524" x2="-5.08" y2="0" width="0.1524" layer="94"/><wire x1="-5.08" y1="0" x2="-7.62" y2="0" width="0.1524" layer="94"/><text size="2" x="0" y="5.08" layer="95" align="center">&gt;NAME</text><text size="2" x="0" y="3.175" layer="96" align="center">&gt;VALUE</text></symbol><symbol name="WB_GND@1"><pin name="1@1" x="0" y="2.54" rot="MR270" direction="pas" length="short" visible="off" swaplevel="0"/><wire x1="0" y1="2.54" x2="0" y2="0" width="0.1524" layer="94"/><wire x1="-3.302" y1="0" x2="3.302" y2="0" width="0.1524" layer="94"/><wire x1="-2.286" y1="-1.016" x2="2.286" y2="-1.016" width="0.1524" layer="94"/><wire x1="-0.762" y1="-2.032" x2="0.762" y2="-2.032" width="0.1524" layer="94"/></symbol><symbol name="LQM21PN1R5MC0D@1"><pin name="2@2" x="7.62" y="0" rot="MR0" direction="pas" length="short" visible="off" swaplevel="0"/><pin name="1@1" x="-7.62" y="0" rot="MR180" direction="pas" length="short" visible="off" swaplevel="0"/><wire cap="round" x1="2.70086965376353" y1="0.835686125023295" x2="2.5488127292636" y2="-6.24799789495706E-04" layer="94" curve="12.47546" width="0.1524"/><wire cap="round" x1="3.80990829544782" y1="1.85597139451402" x2="2.69064524918793" y2="0.838459388755286" layer="94" curve="78.62357" width="0.1524"/><wire cap="round" x1="4.90450120907934" y1="0.838494459997258" x2="3.81012877640754" y2="1.85651641360845" layer="94" curve="79.52696" width="0.1524"/><wire cap="round" x1="5.08194212297714" y1="7.65933497371016E-02" x2="4.90412159312222" y2="0.838683789637753" layer="94" curve="2.683002" width="0.1524"/><wire x1="5.08" y1="7.32740090825246E-14" x2="7.62" y2="8.71708039085205E-14" width="0.1524" layer="94"/><wire cap="round" x1="0.160869647012591" y1="0.835686120495971" x2="8.81272251266148E-03" y2="-6.24804316819648E-04" layer="94" curve="12.47546" width="0.1524"/><wire cap="round" x1="1.26990852880952" y1="1.85597126998469" x2="0.150645552335143" y2="0.838459735984588" layer="94" curve="78.62355" width="0.1524"/><wire cap="round" x1="2.36450120579728" y1="0.838494428025542" x2="1.27012877312548" y2="1.85651638163673" layer="94" curve="79.52696" width="0.1524"/><wire cap="round" x1="2.53556331240561" y1="-0.177885354456139" x2="2.35799865867502" y2="0.83677165558159" layer="94" curve="17.67289" width="0.1524"/><wire cap="round" x1="-2.37913022471952" y1="0.835686100537919" x2="-2.53118714921945" y2="-6.24824274872179E-04" layer="94" curve="12.47546" width="0.1524"/><wire cap="round" x1="-1.27009153439261" y1="1.85597127646014" x2="-2.38935453412885" y2="0.838459585207164" layer="94" curve="78.62356" width="0.1524"/><wire cap="round" x1="-0.17549876466415" y1="0.838494473537584" x2="-1.26987119733595" y2="1.85651642714878" layer="94" curve="79.52696" width="0.1524"/><wire cap="round" x1="-4.43666361586885E-03" y1="-0.177885358125391" x2="-0.182001317346461" y2="0.836771651912338" layer="94" curve="17.67289" width="0.1524"/><wire x1="-7.62" y1="1.31748834064638E-14" x2="-5.08" y2="1.3716316971113E-14" width="0.1524" layer="94"/><wire cap="round" x1="-4.91913036648931" y1="0.835686111441321" x2="-5.07118729098924" y2="-6.2481337147006E-04" layer="94" curve="12.47546" width="0.1524"/><wire cap="round" x1="-3.81009141933233" y1="1.85597124231149" x2="-4.9293543958067" y2="0.838459708311387" layer="94" curve="78.62355" width="0.1524"/><wire cap="round" x1="-2.71549867276639" y1="0.838494472482158" x2="-3.80987126078252" y2="1.85651643468738" layer="94" curve="79.52697" width="0.1524"/><wire cap="round" x1="-2.54443665882017" y1="-0.177885354014588" x2="-2.72200131255076" y2="0.836771656023141" layer="94" curve="17.67289" width="0.1524"/><wire cap="round" x1="-2.54499763137906" y1="2.51755460236626E-03" x2="-2.54499765572502" y2="-0.180317541662839" layer="94" curve="53.47319" width="0.1524"/><wire cap="round" x1="-4.99761237348031E-03" y1="2.51757271580121E-03" x2="-4.9976367194459E-03" y2="-0.180317523549404" layer="94" curve="53.47319" width="0.1524"/><wire cap="round" x1="2.53500243197289" y1="2.51757460827418E-03" x2="2.53500238936746" y2="-0.180317485409697" layer="94" curve="53.47318" width="0.1524"/><text size="2" x="0" y="5.715" layer="95" align="center">&gt;NAME</text><text size="2" x="0" y="3.175" layer="96" align="center">&gt;VALUE</text></symbol><symbol name="CRCW0402178KFKED@1"><pin name="1@1" x="7.62" y="0" rot="MR0" direction="pas" length="short" visible="off" swaplevel="0"/><pin name="2@2" x="-7.62" y="0" rot="MR180" direction="pas" length="short" visible="off" swaplevel="0"/><wire x1="7.62" y1="0" x2="5.08" y2="0" width="0.1524" layer="94"/><wire x1="5.08" y1="0" x2="3.81" y2="1.524" width="0.1524" layer="94"/><wire x1="3.81" y1="1.524" x2="1.905" y2="-1.524" width="0.1524" layer="94"/><wire x1="1.905" y1="-1.524" x2="0" y2="1.524" width="0.1524" layer="94"/><wire x1="0" y1="1.524" x2="-1.905" y2="-1.524" width="0.1524" layer="94"/><wire x1="-1.905" y1="-1.524" x2="-3.81" y2="1.524" width="0.1524" layer="94"/><wire x1="-3.81" y1="1.524" x2="-5.08" y2="0" width="0.1524" layer="94"/><wire x1="-5.08" y1="0" x2="-7.62" y2="0" width="0.1524" layer="94"/><text size="2" x="0" y="5.715" layer="95" align="center">&gt;NAME</text><text size="2" x="0" y="3.175" layer="96" align="center">&gt;VALUE</text></symbol><symbol name="CRCW04021M00FKED@1"><pin name="1@1" x="7.62" y="0" rot="MR0" direction="pas" length="short" visible="off" swaplevel="0"/><pin name="2@2" x="-7.62" y="0" rot="MR180" direction="pas" length="short" visible="off" swaplevel="0"/><wire x1="7.62" y1="0" x2="5.08" y2="0" width="0.1524" layer="94"/><wire x1="5.08" y1="0" x2="3.81" y2="1.524" width="0.1524" layer="94"/><wire x1="3.81" y1="1.524" x2="1.905" y2="-1.524" width="0.1524" layer="94"/><wire x1="1.905" y1="-1.524" x2="0" y2="1.524" width="0.1524" layer="94"/><wire x1="0" y1="1.524" x2="-1.905" y2="-1.524" width="0.1524" layer="94"/><wire x1="-1.905" y1="-1.524" x2="-3.81" y2="1.524" width="0.1524" layer="94"/><wire x1="-3.81" y1="1.524" x2="-5.08" y2="0" width="0.1524" layer="94"/><wire x1="-5.08" y1="0" x2="-7.62" y2="0" width="0.1524" layer="94"/><text size="2" x="0" y="5.715" layer="95" align="center">&gt;NAME</text><text size="2" x="0" y="3.175" layer="96" align="center">&gt;VALUE</text></symbol><symbol name="TPS63000DRCR@1"><wire x1="-15.24" y1="-20.32" x2="15.24" y2="-20.32" width="0.1016" layer="94"/><wire x1="15.24" y1="-20.32" x2="15.24" y2="20.32" width="0.1016" layer="94"/><wire x1="15.24" y1="20.32" x2="-15.24" y2="20.32" width="0.1016" layer="94"/><wire x1="-15.24" y1="20.32" x2="-15.24" y2="-20.32" width="0.1016" layer="94"/><pin name="VOUT@1" x="20.32" y="10.16" rot="MR0" direction="pwr" length="middle" visible="both" swaplevel="0"/><pin name="L2@2" x="20.32" y="15.24" rot="MR0" direction="pas" length="middle" visible="both" swaplevel="0"/><pin name="PGND@3" x="20.32" y="-15.24" rot="MR0" direction="pwr" length="middle" visible="both" swaplevel="0"/><pin name="L1@4" x="-20.32" y="15.24" rot="MR180" direction="pas" length="middle" visible="both" swaplevel="0"/><pin name="VIN@5" x="-20.32" y="10.16" rot="MR180" direction="pwr" length="middle" visible="both" swaplevel="0"/><pin name="EN@6" x="-20.32" y="0" rot="MR180" direction="in" length="middle" visible="both" swaplevel="0"/><pin name="PS_SYNC@7" x="-20.32" y="-7.62" rot="MR180" direction="in" length="middle" visible="both" swaplevel="0"/><pin name="VINA@8" x="-20.32" y="5.08" rot="MR180" direction="pwr" length="middle" visible="both" swaplevel="0"/><pin name="GND@9" x="20.32" y="-10.16" rot="MR0" direction="pwr" length="middle" visible="both" swaplevel="0"/><pin name="FB@10" x="20.32" y="0" rot="MR0" direction="in" length="middle" visible="both" swaplevel="0"/><pin name="PAD@11" x="20.32" y="-17.78" rot="MR0" direction="pwr" length="middle" visible="both" swaplevel="0"/><text size="2" x="0" y="2.54" layer="95" align="center">&gt;NAME</text><text size="2" x="0" y="0" layer="96" align="center">&gt;VALUE</text><text size="2" x="0" y="0" layer="96" align="center">&gt;VALUE</text></symbol><symbol name="WB_STARTUP_VOLTAGE_SOURCE@1"><pin name="+@1" x="-7.62" y="0" rot="MR180" direction="pas" length="short" visible="off" swaplevel="0"/><pin name="-@2" x="7.62" y="0" rot="MR0" direction="pas" length="short" visible="off" swaplevel="0"/><wire x1="-1.524" y1="2.794" x2="-1.524" y2="-1.778" width="0.1524" layer="94"/><wire x1="-1.524" y1="-1.778" x2="1.27" y2="-2.286" width="0.1524" layer="94"/><wire x1="1.27" y1="-2.286" x2="1.27" y2="-3.048" width="0.1524" layer="94"/><wire x1="4.064" y1="3.048" x2="4.064" y2="4.572" width="0.1524" layer="94"/><wire x1="-4.318" y1="3.048" x2="-4.318" y2="4.572" width="0.1524" layer="94"/><wire x1="-3.556" y1="3.81" x2="-5.08" y2="3.81" width="0.1524" layer="94"/><wire x1="-3.81" y1="0" x2="-7.62" y2="0" width="0.1524" layer="94"/><wire x1="7.62" y1="0" x2="3.81" y2="0" width="0.1524" layer="94"/><text size="2" x="0" y="6.35" layer="95" align="center">&gt;NAME</text><wire cap="round" x1="-3.24802538387973" y1="-1.94827610559444" x2="-3.29986369952313" y2="-1.85993539281875" layer="94" curve="358.4388" width="0.127"/></symbol><symbol name="LMK212BJ226MG-T@1"><pin name="1@1" x="7.62" y="0" rot="MR0" direction="pas" length="short" visible="off" swaplevel="0"/><pin name="2@2" x="-7.62" y="0" rot="MR180" direction="pas" length="short" visible="off" swaplevel="0"/><wire x1="7.62" y1="0" x2="5.08" y2="0" width="0.1524" layer="94"/><wire x1="-7.62" y1="0" x2="-5.08" y2="0" width="0.1524" layer="94"/><wire x1="0.762" y1="-3.048" x2="0.762" y2="3.048" width="0.1524" layer="94"/><wire x1="-5.08" y1="0" x2="-0.762" y2="0" width="0.1524" layer="94"/><wire x1="0.762" y1="0" x2="5.08" y2="0" width="0.1524" layer="94"/><wire x1="-0.762" y1="-3.048" x2="-0.762" y2="3.048" width="0.1524" layer="94"/><text size="2" x="0" y="7.62" layer="95" align="center">&gt;NAME</text><text size="2" x="0" y="5.08" layer="96" align="center">&gt;VALUE</text></symbol></symbols><devicesets><deviceset name="LMK212BJ106KG-T" prefix=""><gates><gate name="1" addlevel="always" y="0" x="0" symbol="LMK212BJ106KG-T@1"/></gates><devices><device name="LMK212BJ106KG-T" package="0805"><connects><connect pad="1" pin="1@1" gate="1"/><connect pad="2" pin="2@2" gate="1"/></connects><technologies><technology name=""><attribute name="Cap" value="1.0E-5" constant="no"/><attribute name="ESR" value="0.0" constant="no"/><attribute name="IRMS" value="0.0" constant="no"/><attribute name="VDC" value="10.0" constant="no"/><attribute name="Manufacturer_Part_Number" value="LMK212BJ106KG-T" constant="no"/><attribute name="Vendor" value="Taiyo Yuden" constant="no"/><attribute name="Manufacturer_Name" value="Taiyo Yuden" constant="no"/></technology></technologies></device></devices></deviceset><deviceset name="WB_LOAD_RESISTOR" prefix=""><gates><gate name="1" addlevel="always" y="0" x="0" symbol="WB_LOAD_RESISTOR@1"/></gates><devices><device name="WB_LOAD_RESISTOR" package="WB_LOAD_RESISTOR"><connects><connect pad="1" pin="1@1" gate="1"/><connect pad="2" pin="2@2" gate="1"/></connects><technologies><technology name=""><attribute name="Value" value="Value" constant="no"/><attribute name="Manufacturer_Part_Number" value="WB_LOAD_RESISTOR" constant="no"/><attribute name="Manufacturer_Name" value="WB_LOAD_RESISTOR" constant="no"/><attribute name="PowerPortType" value="POWER_GROUND" constant="no"/></technology></technologies></device></devices></deviceset><deviceset name="WB_GND" prefix=""><gates><gate name="1" addlevel="always" y="0" x="0" symbol="WB_GND@1"/></gates><devices><device name="WB_GND" package="WB_GND"><connects><connect pad="1" pin="1@1" gate="1"/></connects><technologies><technology name=""><attribute name="Value" value="Value" constant="no"/><attribute name="Manufacturer_Part_Number" value="WB_GND" constant="no"/><attribute name="Manufacturer_Name" value="WB_GND" constant="no"/><attribute name="PowerPortType" value="POWER_GROUND" constant="no"/></technology></technologies></device></devices></deviceset><deviceset name="LQM21PN1R5MC0D" prefix=""><gates><gate name="1" addlevel="always" y="0" x="0" symbol="LQM21PN1R5MC0D@1"/></gates><devices><device name="LQM21PN1R5MC0D" package="0805"><connects><connect pad="1" pin="1@1" gate="1"/><connect pad="2" pin="2@2" gate="1"/></connects><technologies><technology name=""><attribute name="L" value="1.5E-6" constant="no"/><attribute name="DCR" value="0.26" constant="no"/><attribute name="IDC" value="0.7" constant="no"/><attribute name="Manufacturer_Part_Number" value="LQM21PN1R5MC0D" constant="no"/><attribute name="Vendor" value="MuRata" constant="no"/><attribute name="Manufacturer_Name" value="MuRata" constant="no"/></technology></technologies></device></devices></deviceset><deviceset name="CRCW0402178KFKED" prefix=""><gates><gate name="1" addlevel="always" y="0" x="0" symbol="CRCW0402178KFKED@1"/></gates><devices><device name="CRCW0402178KFKED" package="0402"><connects><connect pad="1" pin="1@1" gate="1"/><connect pad="2" pin="2@2" gate="1"/></connects><technologies><technology name=""><attribute name="Resistance" value="178000.0" constant="no"/><attribute name="Power" value="0.063" constant="no"/><attribute name="Tolerance" value="1.0" constant="no"/><attribute name="Manufacturer_Part_Number" value="CRCW0402178KFKED" constant="no"/><attribute name="Vendor" value="Vishay-Dale" constant="no"/><attribute name="Manufacturer_Name" value="Vishay-Dale" constant="no"/></technology></technologies></device></devices></deviceset><deviceset name="CRCW04021M00FKED" prefix=""><gates><gate name="1" addlevel="always" y="0" x="0" symbol="CRCW04021M00FKED@1"/></gates><devices><device name="CRCW04021M00FKED" package="0402"><connects><connect pad="1" pin="1@1" gate="1"/><connect pad="2" pin="2@2" gate="1"/></connects><technologies><technology name=""><attribute name="Resistance" value="1000000.0" constant="no"/><attribute name="Power" value="0.063" constant="no"/><attribute name="Tolerance" value="1.0" constant="no"/><attribute name="Manufacturer_Part_Number" value="CRCW04021M00FKED" constant="no"/><attribute name="Vendor" value="Vishay-Dale" constant="no"/><attribute name="Manufacturer_Name" value="Vishay-Dale" constant="no"/></technology></technologies></device></devices></deviceset><deviceset name="TPS63000DRCR" prefix="U"><gates><gate name="1" addlevel="always" y="0" x="0" symbol="TPS63000DRCR@1"/></gates><devices><device name="TPS63000DRCR" package="DRC0010J"><connects><connect pad="1" pin="VOUT@1" gate="1"/><connect pad="2" pin="L2@2" gate="1"/><connect pad="3" pin="PGND@3" gate="1"/><connect pad="4" pin="L1@4" gate="1"/><connect pad="5" pin="VIN@5" gate="1"/><connect pad="6" pin="EN@6" gate="1"/><connect pad="7" pin="PS_SYNC@7" gate="1"/><connect pad="8" pin="VINA@8" gate="1"/><connect pad="9" pin="GND@9" gate="1"/><connect pad="10" pin="FB@10" gate="1"/><connect pad="11" pin="PAD@11" gate="1"/></connects><technologies><technology name=""><attribute name="PartNumber" value="TPS63000DRC" constant="no"/><attribute name="PackageReference" value="DRC0010A" constant="no"/><attribute name="MountType" value="SMT" constant="no"/><attribute name="CompType" value="IC" constant="no"/><attribute name="RoHS" value="Y" constant="no"/><attribute name="Manufacturer" value="Texas Instruments" constant="no"/><attribute name="RefDes" value="RefDes" constant="no"/><attribute name="TYPE" value="TYPE" constant="no"/><attribute name="Value" value="Value" constant="no"/><attribute name="PIN_COUNT" value="11" constant="no"/><attribute name="Manufacturer_Part_Number" value="TPS63000DRCR" constant="no"/><attribute name="Manufacturer_Name" value="Texas Instruments" constant="no"/></technology></technologies></device></devices></deviceset><deviceset name="WB_STARTUP_VOLTAGE_SOURCE" prefix=""><gates><gate name="1" addlevel="always" y="0" x="0" symbol="WB_STARTUP_VOLTAGE_SOURCE@1"/></gates><devices><device name="WB_STARTUP_VOLTAGE_SOURCE" package="WB_STARTUP_VOLTAGE_SOURCE"><connects><connect pad="1" pin="+@1" gate="1"/><connect pad="2" pin="-@2" gate="1"/></connects><technologies><technology name=""><attribute name="Value" value="Value" constant="no"/><attribute name="Manufacturer_Part_Number" value="WB_STARTUP_VOLTAGE_SOURCE" constant="no"/><attribute name="Manufacturer_Name" value="WB_STARTUP_VOLTAGE_SOURCE" constant="no"/><attribute name="PowerPortType" value="POWER_GROUND" constant="no"/></technology></technologies></device></devices></deviceset><deviceset name="LMK212BJ226MG-T" prefix=""><gates><gate name="1" addlevel="always" y="0" x="0" symbol="LMK212BJ226MG-T@1"/></gates><devices><device name="LMK212BJ226MG-T" package="0805"><connects><connect pad="1" pin="1@1" gate="1"/><connect pad="2" pin="2@2" gate="1"/></connects><technologies><technology name=""><attribute name="Cap" value="2.2E-5" constant="no"/><attribute name="ESR" value="0.0" constant="no"/><attribute name="IRMS" value="0.0" constant="no"/><attribute name="VDC" value="10.0" constant="no"/><attribute name="Manufacturer_Part_Number" value="LMK212BJ226MG-T" constant="no"/><attribute name="Vendor" value="Taiyo Yuden" constant="no"/><attribute name="Manufacturer_Name" value="Taiyo Yuden" constant="no"/></technology></technologies></device></devices></deviceset></devicesets></library></libraries><attributes/><variantdefs/><classes><class number="0" name="default" width="0" drill="0"/></classes><parts><part name="CIN" library="AcceleratedDesigns_Lib" device="LMK212BJ106KG-T" deviceset="LMK212BJ106KG-T" value="10uF"/><part name="COUT" library="AcceleratedDesigns_Lib" device="LMK212BJ226MG-T" deviceset="LMK212BJ226MG-T" value="22uF"/><part name="GND" library="AcceleratedDesigns_Lib" device="WB_GND" deviceset="WB_GND" value="WB_GND"/><part name="L1" library="AcceleratedDesigns_Lib" device="LQM21PN1R5MC0D" deviceset="LQM21PN1R5MC0D" value="1.5uH"/><part name="RFBB" library="AcceleratedDesigns_Lib" device="CRCW0402178KFKED" deviceset="CRCW0402178KFKED" value="178k"/><part name="RFBT" library="AcceleratedDesigns_Lib" device="CRCW04021M00FKED" deviceset="CRCW04021M00FKED" value="1M"/><part name="U1" library="AcceleratedDesigns_Lib" device="TPS63000DRCR" deviceset="TPS63000DRCR" value="TPS63000DRCR"/><part name="VIN" library="AcceleratedDesigns_Lib" device="WB_STARTUP_VOLTAGE_SOURCE" deviceset="WB_STARTUP_VOLTAGE_SOURCE" value="WB_STARTUP_VOLTAGE_SOURCE"/><part name="RLOAD" library="AcceleratedDesigns_Lib" device="WB_LOAD_RESISTOR" deviceset="WB_LOAD_RESISTOR" value="WB_LOAD_RESISTOR"/><part name="COUT_2" library="AcceleratedDesigns_Lib" device="LMK212BJ226MG-T" deviceset="LMK212BJ226MG-T" value="22uF"/></parts><sheets><sheet><plain/><instances><instance part="Cin" gate="1" x="48.26" y="62.23" rot="R90" smashed="yes"><attribute name="NAME" x="51.308" y="66.548" size="2" layer="95" rot="R0" align="bottom-left"/><attribute name="VALUE" x="51.308" y="61.976" size="2" layer="96" rot="R0" align="bottom-left"/></instance><instance part="Cout" gate="1" x="149.86" y="63.5" rot="R90" smashed="yes"><attribute name="NAME" x="152.908" y="67.818" size="2" layer="95" rot="R0" align="bottom-left"/><attribute name="VALUE" x="152.908" y="63.246" size="2" layer="96" rot="R0" align="bottom-left"/></instance><instance part="GND" gate="1" x="92.71" y="27.94" rot="R0" smashed="yes"><attribute name="NAME" x="92.71" y="33.528" size="2" layer="95" display="off" rot="R0" align="bottom-center"/></instance><instance part="L1" gate="1" x="88.9" y="110.49" rot="R0" smashed="yes"><attribute name="NAME" x="88.9" y="114.808" size="2" layer="95" rot="R0" align="bottom-center"/><attribute name="VALUE" x="88.9" y="105.41" size="2" layer="96" rot="R0" align="bottom-center"/></instance><instance part="Rfbb" gate="1" x="127" y="43.18" rot="R90" smashed="yes"><attribute name="NAME" x="128.524" y="45.974" size="2" layer="95" rot="R0" align="bottom-left"/><attribute name="VALUE" x="128.524" y="41.402" size="2" layer="96" rot="R0" align="bottom-left"/></instance><instance part="Rfbt" gate="1" x="127" y="76.2" rot="R90" smashed="yes"><attribute name="NAME" x="128.524" y="78.994" size="2" layer="95" rot="R0" align="bottom-left"/><attribute name="VALUE" x="128.524" y="74.422" size="2" layer="96" rot="R0" align="bottom-left"/></instance><instance part="U1" gate="1" x="88.9" y="76.2" rot="R0" smashed="yes"><attribute name="NAME" x="88.9" y="76.2" size="2" layer="95" rot="R0" align="bottom-center"/><attribute name="TYPE" x="88.9" y="72.39" size="2" layer="96" rot="R0" align="bottom-center"/></instance><instance part="Vin" gate="1" x="30.48" y="66.04" rot="R270" smashed="yes"><attribute name="NAME" x="35.052" y="71.882" size="2" layer="95" rot="R0" align="bottom-left"/></instance><instance part="Rload" gate="1" x="190.5" y="48.26" rot="R90" smashed="yes"><attribute name="NAME" x="192.024" y="51.054" size="2" layer="95" rot="R0" align="bottom-left"/></instance><instance part="Cout_2" gate="1" x="167.64" y="63.5" rot="R90" smashed="yes"><attribute name="NAME" x="170.688" y="67.818" size="2" layer="95" rot="R0" align="bottom-left"/><attribute name="VALUE" x="170.688" y="63.246" size="2" layer="96" rot="R0" align="bottom-left"/></instance></instances><busses/><nets><net name="1" class="0"><segment><pinref part="Cin" pin="1@1" gate="1"/><pinref part="U1" pin="VIN@5" gate="1"/><pinref part="U1" pin="EN@6" gate="1"/><pinref part="U1" pin="PS_SYNC@7" gate="1"/><pinref part="U1" pin="VINA@8" gate="1"/><pinref part="Vin" pin="+@1" gate="1"/><wire x1="63.5" y1="68.58" x2="63.5" y2="86.36" width="0" layer="91"/><wire x1="68.58" y1="68.58" x2="63.5" y2="68.58" width="0" layer="91"/><wire x1="68.58" y1="76.2" x2="63.5" y2="76.2" width="0" layer="91"/><wire x1="68.58" y1="81.28" x2="63.5" y2="81.28" width="0" layer="91"/><wire x1="48.26" y1="69.85" x2="48.26" y2="86.36" width="0" layer="91"/><wire x1="30.48" y1="86.36" x2="68.58" y2="86.36" width="0" layer="91"/><wire x1="30.48" y1="73.66" x2="30.48" y2="86.36" width="0" layer="91"/></segment></net><net name="0" class="0"><segment><pinref part="Cin" pin="2@2" gate="1"/><pinref part="Cout" pin="2@2" gate="1"/><pinref part="GND" pin="1@1" gate="1"/><pinref part="Rfbb" pin="2@2" gate="1"/><pinref part="U1" pin="PGND@3" gate="1"/><pinref part="U1" pin="GND@9" gate="1"/><pinref part="U1" pin="PAD@11" gate="1"/><pinref part="Vin" pin="-@2" gate="1"/><pinref part="Rload" pin="2@2" gate="1"/><pinref part="Cout_2" pin="2@2" gate="1"/><wire x1="48.26" y1="54.61" x2="48.26" y2="30.48" width="0" layer="91"/><wire x1="109.22" y1="66.04" x2="109.22" y2="30.48" width="0" layer="91"/><wire x1="127" y1="35.56" x2="127" y2="30.48" width="0" layer="91"/><wire x1="149.86" y1="55.88" x2="149.86" y2="30.48" width="0" layer="91"/><wire x1="30.48" y1="30.48" x2="190.5" y2="30.48" width="0" layer="91"/><wire x1="30.48" y1="30.48" x2="30.48" y2="58.42" width="0" layer="91"/><wire x1="190.5" y1="30.48" x2="190.5" y2="40.64" width="0" layer="91"/><wire x1="149.86" y1="55.88" x2="167.64" y2="55.88" width="0" layer="91"/></segment></net><net name="6" class="0"><segment><pinref part="Cout" pin="1@1" gate="1"/><pinref part="Rfbt" pin="1@1" gate="1"/><pinref part="U1" pin="VOUT@1" gate="1"/><pinref part="Rload" pin="1@1" gate="1"/><pinref part="Cout_2" pin="1@1" gate="1"/><wire x1="127" y1="83.82" x2="127" y2="86.36" width="0" layer="91"/><wire x1="149.86" y1="71.12" x2="149.86" y2="86.36" width="0" layer="91"/><wire x1="109.22" y1="86.36" x2="190.5" y2="86.36" width="0" layer="91"/><wire x1="190.5" y1="55.88" x2="190.5" y2="86.36" width="0" layer="91"/><wire x1="149.86" y1="71.12" x2="167.64" y2="71.12" width="0" layer="91"/></segment></net><net name="2" class="0"><segment><pinref part="L1" pin="1@1" gate="1"/><pinref part="U1" pin="L1@4" gate="1"/><wire x1="63.5" y1="110.49" x2="63.5" y2="91.44" width="0" layer="91"/><wire x1="68.58" y1="91.44" x2="63.5" y2="91.44" width="0" layer="91"/><wire x1="81.28" y1="110.49" x2="63.5" y2="110.49" width="0" layer="91"/></segment></net><net name="4" class="0"><segment><pinref part="L1" pin="2@2" gate="1"/><pinref part="U1" pin="L2@2" gate="1"/><wire x1="109.22" y1="91.44" x2="114.3" y2="91.44" width="0" layer="91"/><wire x1="114.3" y1="110.49" x2="114.3" y2="91.44" width="0" layer="91"/><wire x1="96.52" y1="110.49" x2="114.3" y2="110.49" width="0" layer="91"/></segment></net><net name="3" class="0"><segment><pinref part="Rfbb" pin="1@1" gate="1"/><pinref part="Rfbt" pin="2@2" gate="1"/><pinref part="U1" pin="FB@10" gate="1"/><wire x1="109.22" y1="76.2" x2="114.3" y2="76.2" width="0" layer="91"/><wire x1="114.3" y1="59.69" x2="127" y2="59.69" width="0" layer="91"/><wire x1="114.3" y1="76.2" x2="114.3" y2="59.69" width="0" layer="91"/><wire x1="127" y1="68.58" x2="127" y2="50.8" width="0" layer="91"/></segment></net></nets></sheet></sheets></schematic></drawing></eagle>
