<eagle version="6.1"><drawing><settings><setting alwaysvectorfont="no" verticaltext="up"/></settings><grid distance="0.1" unitdist="inch" unit="inch" style="lines" multiple="1" display="no" altdistance="0.01" altunitdist="inch" altunit="inch"/><layers><layer number="91" name="Nets" color="2" fill="1" visible="yes" active="yes"/><layer number="92" name="Busses" color="1" fill="1" visible="yes" active="yes"/><layer number="93" name="Pins" color="2" fill="1" visible="no" active="yes"/><layer number="94" name="Symbols" color="4" fill="1" visible="yes" active="yes"/><layer number="95" name="Names" color="7" fill="1" visible="yes" active="yes"/><layer number="96" name="Values" color="7" fill="1" visible="yes" active="yes"/><layer number="97" name="Info" color="7" fill="1" visible="yes" active="yes"/><layer number="98" name="Guide" color="6" fill="1" visible="yes" active="yes"/></layers><schematic><libraries><library name="AcceleratedDesigns_Lib"><packages><package name="0402"><pad name="1" drill="0" y="0" x="-0.4191"/><pad name="2" drill="0" y="0" x="0.4191"/></package><package name="CAPSMT_6_S09"><pad name="1" drill="0" y="0" x="-0.8763"/><pad name="2" drill="0" y="0" x="0.8763"/></package><package name="0805"><pad name="1" drill="0" y="0" x="-0.9017"/><pad name="2" drill="0" y="0" x="0.9017"/></package><package name="SMB"><pad name="1" drill="0" y="0" x="-2.0447"/><pad name="2" drill="0" y="0" x="2.0447"/></package><package name="DQG0008A"><pad name="1" drill="0" y="0.975" x="-1.525"/><pad name="2" drill="0" y="0.325" x="-1.525"/><pad name="3" drill="0" y="-0.325" x="-1.525"/><pad name="4" drill="0" y="-0.975" x="-1.525"/><pad name="5" drill="0" y="-0.975" x="1.525"/><pad name="6" drill="0" y="-0.325" x="1.525"/><pad name="7" drill="0" y="0.325" x="1.525"/><pad name="8" drill="0" y="0.975" x="1.525"/><pad name="9" drill="0" y="0" x="0.65"/></package><package name="1206_190"><pad name="1" drill="0" y="0" x="-1.4986"/><pad name="2" drill="0" y="0" x="1.4986"/></package><package name="1210"><pad name="1" drill="0" y="0" x="-1.4986"/><pad name="2" drill="0" y="0" x="1.4986"/></package><package name="MUA08A"><pad name="1" drill="0" y="0.975" x="-2.1971"/><pad name="2" drill="0" y="0.325" x="-2.1971"/><pad name="3" drill="0" y="-0.325" x="-2.1971"/><pad name="4" drill="0" y="-0.975" x="-2.1971"/><pad name="5" drill="0" y="-0.975" x="2.1971"/><pad name="6" drill="0" y="-0.325" x="2.1971"/><pad name="7" drill="0" y="0.325" x="2.1971"/><pad name="8" drill="0" y="0.975" x="2.1971"/></package><package name="IND_NPI75C"><pad name="1" drill="0" y="0" x="-2.5019"/><pad name="2" drill="0" y="0" x="2.5019"/></package><package name="SRN8040"><pad name="1" drill="0" y="0" x="-2.85"/><pad name="2" drill="0" y="0" x="2.85"/></package><package name="WB_CURRENT_LOAD"><pad name="1" drill="0" y="0" x="0"/><pad name="2" drill="0" y="0" x="0"/></package><package name="WB_GND"><pad name="1" drill="0" y="0" x="0"/></package><package name="WB_BATTERY"><pad name="1" drill="0" y="0" x="0"/><pad name="2" drill="0" y="0" x="0"/></package></packages><symbols><symbol name="GRM155R61A104KA01D@1"><pin name="1@1" x="7.62" y="0" rot="MR0" direction="pas" length="short" visible="off" swaplevel="0"/><pin name="2@2" x="-7.62" y="0" rot="MR180" direction="pas" length="short" visible="off" swaplevel="0"/><wire x1="7.62" y1="0" x2="5.08" y2="0" width="0.1524" layer="94"/><wire x1="-7.62" y1="0" x2="-5.08" y2="0" width="0.1524" layer="94"/><wire x1="0.762" y1="-3.048" x2="0.762" y2="3.048" width="0.1524" layer="94"/><wire x1="-5.08" y1="0" x2="-0.762" y2="0" width="0.1524" layer="94"/><wire x1="0.762" y1="0" x2="5.08" y2="0" width="0.1524" layer="94"/><wire x1="-0.762" y1="-3.048" x2="-0.762" y2="3.048" width="0.1524" layer="94"/><text size="2" x="0" y="7.62" layer="95" align="center">&gt;NAME</text><text size="2" x="0" y="5.08" layer="96" align="center">&gt;VALUE</text></symbol><symbol name="10TPU4R7MSI@1"><pin name="+@1" x="7.62" y="0" rot="MR0" direction="pas" length="short" visible="off" swaplevel="0"/><pin name="-@2" x="-7.62" y="0" rot="MR180" direction="pas" length="short" visible="off" swaplevel="0"/><wire cap="round" x1="-1.77398933314152" y1="-3.17901066685848" x2="-1.64947060847566" y2="3.04941161526856" layer="94" curve="87.70939" width="0.127"/><wire x1="1.016" y1="-3.302" x2="1.016" y2="3.302" width="0.1524" layer="94"/><wire x1="-7.62" y1="0" x2="-0.508" y2="0" width="0.1524" layer="94"/><wire x1="1.016" y1="0" x2="7.62" y2="0" width="0.1524" layer="94"/><wire x1="3.556" y1="-2.54" x2="3.556" y2="-1.524" width="0.1524" layer="94"/><wire x1="3.048" y1="-2.032" x2="4.064" y2="-2.032" width="0.1524" layer="94"/><text size="2" x="0" y="7.62" layer="95" align="center">&gt;NAME</text><text size="2" x="0" y="5.08" layer="96" align="center">&gt;VALUE</text></symbol><symbol name="CL21C122JBFNNWE@1"><pin name="1@1" x="7.62" y="0" rot="MR0" direction="pas" length="short" visible="off" swaplevel="0"/><pin name="2@2" x="-7.62" y="0" rot="MR180" direction="pas" length="short" visible="off" swaplevel="0"/><wire x1="7.62" y1="0" x2="5.08" y2="0" width="0.1524" layer="94"/><wire x1="-7.62" y1="0" x2="-5.08" y2="0" width="0.1524" layer="94"/><wire x1="0.762" y1="-3.048" x2="0.762" y2="3.048" width="0.1524" layer="94"/><wire x1="-5.08" y1="0" x2="-0.762" y2="0" width="0.1524" layer="94"/><wire x1="0.762" y1="0" x2="5.08" y2="0" width="0.1524" layer="94"/><wire x1="-0.762" y1="-3.048" x2="-0.762" y2="3.048" width="0.1524" layer="94"/><text size="2" x="0" y="7.62" layer="95" align="center">&gt;NAME</text><text size="2" x="0" y="5.08" layer="96" align="center">&gt;VALUE</text></symbol><symbol name="GRM21BR71A225KA01L@1"><pin name="1@1" x="7.62" y="0" rot="MR0" direction="pas" length="short" visible="off" swaplevel="0"/><pin name="2@2" x="-7.62" y="0" rot="MR180" direction="pas" length="short" visible="off" swaplevel="0"/><wire x1="7.62" y1="0" x2="5.08" y2="0" width="0.1524" layer="94"/><wire x1="-7.62" y1="0" x2="-5.08" y2="0" width="0.1524" layer="94"/><wire x1="0.762" y1="-3.048" x2="0.762" y2="3.048" width="0.1524" layer="94"/><wire x1="-5.08" y1="0" x2="-0.762" y2="0" width="0.1524" layer="94"/><wire x1="0.762" y1="0" x2="5.08" y2="0" width="0.1524" layer="94"/><wire x1="-0.762" y1="-3.048" x2="-0.762" y2="3.048" width="0.1524" layer="94"/><text size="2" x="0" y="7.62" layer="95" align="center">&gt;NAME</text><text size="2" x="0" y="5.08" layer="96" align="center">&gt;VALUE</text></symbol><symbol name="B220-13-F@1"><pin name="A@1" x="7.62" y="0" rot="MR0" direction="pas" length="short" visible="off" swaplevel="0"/><pin name="K@2" x="-7.62" y="0" rot="MR180" direction="pas" length="short" visible="off" swaplevel="0"/><wire x1="-7.62" y1="0" x2="7.62" y2="0" width="0.1524" layer="94"/><polygon width="0.1524" layer="94"><vertex x="2.032" y="2.54"/><vertex x="-2.032" y="0"/><vertex x="2.032" y="-2.54"/></polygon><wire x1="-2.794" y1="2.032" x2="-2.794" y2="2.54" width="0.1524" layer="94"/><wire x1="-2.794" y1="2.54" x2="-2.032" y2="2.54" width="0.1524" layer="94"/><wire x1="-2.032" y1="2.54" x2="-2.032" y2="-2.54" width="0.1524" layer="94"/><wire x1="-2.032" y1="-2.54" x2="-1.27" y2="-2.54" width="0.1524" layer="94"/><wire x1="-1.27" y1="-2.54" x2="-1.27" y2="-2.032" width="0.1524" layer="94"/><text size="2" x="0" y="10.16" layer="95" align="center">&gt;NAME</text><text size="2" x="0" y="7.62" layer="96" align="center">&gt;VALUE</text></symbol><symbol name="GRM2195C1H512JA01D@1"><pin name="1@1" x="7.62" y="0" rot="MR0" direction="pas" length="short" visible="off" swaplevel="0"/><pin name="2@2" x="-7.62" y="0" rot="MR180" direction="pas" length="short" visible="off" swaplevel="0"/><wire x1="7.62" y1="0" x2="5.08" y2="0" width="0.1524" layer="94"/><wire x1="-7.62" y1="0" x2="-5.08" y2="0" width="0.1524" layer="94"/><wire x1="0.762" y1="-3.048" x2="0.762" y2="3.048" width="0.1524" layer="94"/><wire x1="-5.08" y1="0" x2="-0.762" y2="0" width="0.1524" layer="94"/><wire x1="0.762" y1="0" x2="5.08" y2="0" width="0.1524" layer="94"/><wire x1="-0.762" y1="-3.048" x2="-0.762" y2="3.048" width="0.1524" layer="94"/><text size="2" x="0" y="7.62" layer="95" align="center">&gt;NAME</text><text size="2" x="0" y="5.08" layer="96" align="center">&gt;VALUE</text></symbol><symbol name="CSD17308Q3@1"><pin name="Drain@1" x="3.81" y="7.62" rot="MR270" direction="pas" length="short" visible="both" swaplevel="0"/><pin name="Gate@6" x="-3.81" y="0" rot="MR180" direction="pas" length="short" visible="both" swaplevel="0"/><pin name="Source@7" x="3.81" y="-7.62" rot="MR90" direction="pas" length="short" visible="both" swaplevel="0"/><wire x1="-3.81" y1="0" x2="-1.27" y2="0" width="0.1524" layer="94"/><wire x1="3.81" y1="7.62" x2="3.81" y2="5.08" width="0.1524" layer="94"/><wire x1="3.81" y1="-7.62" x2="3.81" y2="-5.08" width="0.1524" layer="94"/><wire x1="1.016" y1="2.54" x2="1.016" y2="-2.54" width="0.1524" layer="94"/><wire x1="3.81" y1="2.54" x2="3.81" y2="2.032" width="0.1524" layer="94"/><wire x1="3.81" y1="2.032" x2="1.27" y2="2.032" width="0.1524" layer="94"/><wire x1="2.794" y1="0" x2="3.81" y2="0" width="0.1524" layer="94"/><wire x1="3.81" y1="0" x2="3.81" y2="-2.54" width="0.1524" layer="94"/><wire x1="1.27" y1="-2.032" x2="3.556" y2="-2.032" width="0.1524" layer="94"/><wire x1="3.81" y1="2.54" x2="3.81" y2="2.032" width="0.1524" layer="94"/><wire x1="3.81" y1="2.032" x2="1.016" y2="2.032" width="0.1524" layer="94"/><wire x1="1.016" y1="2.54" x2="1.016" y2="-2.54" width="0.1524" layer="94"/><wire x1="1.016" y1="-2.032" x2="3.81" y2="-2.032" width="0.1524" layer="94"/><wire x1="1.016" y1="0" x2="2.286" y2="1.27" width="0.1524" layer="94"/><wire x1="2.286" y1="1.27" x2="2.286" y2="-1.27" width="0.1524" layer="94"/><wire x1="2.286" y1="-1.27" x2="1.016" y2="0" width="0.1524" layer="94"/><wire x1="2.286" y1="0" x2="3.81" y2="0" width="0.1524" layer="94"/><wire x1="3.81" y1="0" x2="3.81" y2="-2.54" width="0.1524" layer="94"/><wire x1="-1.27" y1="0" x2="0" y2="0" width="0.1524" layer="94"/><wire x1="0" y1="-2.54" x2="0" y2="2.54" width="0.1524" layer="94"/><wire x1="3.81" y1="5.08" x2="3.81" y2="2.54" width="0.1524" layer="94"/><wire x1="3.81" y1="-2.54" x2="3.81" y2="-5.08" width="0.1524" layer="94"/><text size="2" x="0" y="0" layer="95" align="center">&gt;NAME</text><text size="2" x="0" y="0" layer="96" align="center">&gt;VALUE</text><pin name="Drain@2" x="3.81" y="7.62" rot="MR270" direction="pas" length="short" visible="off" swaplevel="0"/><pin name="Drain@3" x="3.81" y="7.62" rot="MR270" direction="pas" length="short" visible="off" swaplevel="0"/><pin name="Drain@4" x="3.81" y="7.62" rot="MR270" direction="pas" length="short" visible="off" swaplevel="0"/><pin name="Drain@5" x="3.81" y="7.62" rot="MR270" direction="pas" length="short" visible="off" swaplevel="0"/><pin name="Source@8" x="3.81" y="-7.62" rot="MR90" direction="pas" length="short" visible="off" swaplevel="0"/><pin name="Source@9" x="3.81" y="-7.62" rot="MR90" direction="pas" length="short" visible="off" swaplevel="0"/></symbol><symbol name="WB_CURRENT_LOAD@1"><pin name="+@1" x="-7.62" y="0" rot="MR180" direction="pas" length="short" visible="off" swaplevel="0"/><pin name="-@2" x="7.62" y="0" rot="MR0" direction="pas" length="short" visible="off" swaplevel="0"/><wire cap="round" x1="-3.80144541893069" y1="6.11111003035226E-05" x2="-2.68631595182662" y2="-2.68638598005626" layer="94" curve="44.25835" width="0.1524"/><wire cap="round" x1="-2.7008340002096" y1="-2.70084492188432" x2="-3.010245531766E-05" y2="-3.82193519093877" layer="94" curve="44.8182" width="0.1524"/><wire cap="round" x1="-1.47901228405671E-05" y1="-3.81607473385618" x2="2.69671339012067" y2="-2.69667753776659" layer="94" curve="45.38076" width="0.1524"/><wire cap="round" x1="2.69020543466835" y1="-2.69018253944063" x2="3.80688023502889" y2="-1.58895406142942E-05" layer="94" curve="45.58721" width="0.1524"/><wire cap="round" x1="3.80144542387741" y1="-6.17958751984642E-05" x2="2.68631643327033" y2="2.68638549307261" layer="94" curve="44.25835" width="0.1524"/><wire cap="round" x1="2.70083237377049" y1="2.70084654561062" x2="2.78042467919214E-05" y2="3.82193519631281" layer="94" curve="44.8182" width="0.1524"/><wire cap="round" x1="1.57980194586995E-05" y1="3.81607473126472" x2="-2.69671268033746" y2="2.69667825335733" layer="94" curve="45.38076" width="0.1524"/><wire cap="round" x1="-2.69020543466835" y1="2.69018253944063" x2="-3.80688023502889" y2="1.58895406171733E-05" layer="94" curve="45.58721" width="0.1524"/><wire x1="7.62" y1="0" x2="3.81" y2="0" width="0.1524" layer="94"/><wire x1="-3.81" y1="0" x2="-7.62" y2="0" width="0.1524" layer="94"/><wire x1="0.762" y1="-1.778" x2="3.048" y2="0" width="0.1524" layer="94"/><wire x1="0.762" y1="1.778" x2="3.048" y2="0" width="0.1524" layer="94"/><wire x1="3.048" y1="0" x2="-3.048" y2="0" width="0.1524" layer="94"/></symbol><symbol name="CRCW040269K8FKED@1"><pin name="1@1" x="7.62" y="0" rot="MR0" direction="pas" length="short" visible="off" swaplevel="0"/><pin name="2@2" x="-7.62" y="0" rot="MR180" direction="pas" length="short" visible="off" swaplevel="0"/><wire x1="7.62" y1="0" x2="5.08" y2="0" width="0.1524" layer="94"/><wire x1="5.08" y1="0" x2="3.81" y2="1.524" width="0.1524" layer="94"/><wire x1="3.81" y1="1.524" x2="1.905" y2="-1.524" width="0.1524" layer="94"/><wire x1="1.905" y1="-1.524" x2="0" y2="1.524" width="0.1524" layer="94"/><wire x1="0" y1="1.524" x2="-1.905" y2="-1.524" width="0.1524" layer="94"/><wire x1="-1.905" y1="-1.524" x2="-3.81" y2="1.524" width="0.1524" layer="94"/><wire x1="-3.81" y1="1.524" x2="-5.08" y2="0" width="0.1524" layer="94"/><wire x1="-5.08" y1="0" x2="-7.62" y2="0" width="0.1524" layer="94"/><text size="2" x="0" y="5.715" layer="95" align="center">&gt;NAME</text><text size="2" x="0" y="3.175" layer="96" align="center">&gt;VALUE</text></symbol><symbol name="CRCW040210K0FKED@1"><pin name="1@1" x="7.62" y="0" rot="MR0" direction="pas" length="short" visible="off" swaplevel="0"/><pin name="2@2" x="-7.62" y="0" rot="MR180" direction="pas" length="short" visible="off" swaplevel="0"/><wire x1="7.62" y1="0" x2="5.08" y2="0" width="0.1524" layer="94"/><wire x1="5.08" y1="0" x2="3.81" y2="1.524" width="0.1524" layer="94"/><wire x1="3.81" y1="1.524" x2="1.905" y2="-1.524" width="0.1524" layer="94"/><wire x1="1.905" y1="-1.524" x2="0" y2="1.524" width="0.1524" layer="94"/><wire x1="0" y1="1.524" x2="-1.905" y2="-1.524" width="0.1524" layer="94"/><wire x1="-1.905" y1="-1.524" x2="-3.81" y2="1.524" width="0.1524" layer="94"/><wire x1="-3.81" y1="1.524" x2="-5.08" y2="0" width="0.1524" layer="94"/><wire x1="-5.08" y1="0" x2="-7.62" y2="0" width="0.1524" layer="94"/><text size="2" x="0" y="5.715" layer="95" align="center">&gt;NAME</text><text size="2" x="0" y="3.175" layer="96" align="center">&gt;VALUE</text></symbol><symbol name="CRCW040216K2FKED@1"><pin name="1@1" x="7.62" y="0" rot="MR0" direction="pas" length="short" visible="off" swaplevel="0"/><pin name="2@2" x="-7.62" y="0" rot="MR180" direction="pas" length="short" visible="off" swaplevel="0"/><wire x1="7.62" y1="0" x2="5.08" y2="0" width="0.1524" layer="94"/><wire x1="5.08" y1="0" x2="3.81" y2="1.524" width="0.1524" layer="94"/><wire x1="3.81" y1="1.524" x2="1.905" y2="-1.524" width="0.1524" layer="94"/><wire x1="1.905" y1="-1.524" x2="0" y2="1.524" width="0.1524" layer="94"/><wire x1="0" y1="1.524" x2="-1.905" y2="-1.524" width="0.1524" layer="94"/><wire x1="-1.905" y1="-1.524" x2="-3.81" y2="1.524" width="0.1524" layer="94"/><wire x1="-3.81" y1="1.524" x2="-5.08" y2="0" width="0.1524" layer="94"/><wire x1="-5.08" y1="0" x2="-7.62" y2="0" width="0.1524" layer="94"/><text size="2" x="0" y="5.715" layer="95" align="center">&gt;NAME</text><text size="2" x="0" y="3.175" layer="96" align="center">&gt;VALUE</text></symbol><symbol name="CRCW0402100RFKED@1"><pin name="1@1" x="7.62" y="0" rot="MR0" direction="pas" length="short" visible="off" swaplevel="0"/><pin name="2@2" x="-7.62" y="0" rot="MR180" direction="pas" length="short" visible="off" swaplevel="0"/><wire x1="7.62" y1="0" x2="5.08" y2="0" width="0.1524" layer="94"/><wire x1="5.08" y1="0" x2="3.81" y2="1.524" width="0.1524" layer="94"/><wire x1="3.81" y1="1.524" x2="1.905" y2="-1.524" width="0.1524" layer="94"/><wire x1="1.905" y1="-1.524" x2="0" y2="1.524" width="0.1524" layer="94"/><wire x1="0" y1="1.524" x2="-1.905" y2="-1.524" width="0.1524" layer="94"/><wire x1="-1.905" y1="-1.524" x2="-3.81" y2="1.524" width="0.1524" layer="94"/><wire x1="-3.81" y1="1.524" x2="-5.08" y2="0" width="0.1524" layer="94"/><wire x1="-5.08" y1="0" x2="-7.62" y2="0" width="0.1524" layer="94"/><text size="2" x="0" y="5.715" layer="95" align="center">&gt;NAME</text><text size="2" x="0" y="3.175" layer="96" align="center">&gt;VALUE</text></symbol><symbol name="ERJ-L14KF33MU@1"><pin name="1@1" x="7.62" y="0" rot="MR0" direction="pas" length="short" visible="off" swaplevel="0"/><pin name="2@2" x="-7.62" y="0" rot="MR180" direction="pas" length="short" visible="off" swaplevel="0"/><wire x1="7.62" y1="0" x2="5.08" y2="0" width="0.1524" layer="94"/><wire x1="5.08" y1="0" x2="3.81" y2="1.524" width="0.1524" layer="94"/><wire x1="3.81" y1="1.524" x2="1.905" y2="-1.524" width="0.1524" layer="94"/><wire x1="1.905" y1="-1.524" x2="0" y2="1.524" width="0.1524" layer="94"/><wire x1="0" y1="1.524" x2="-1.905" y2="-1.524" width="0.1524" layer="94"/><wire x1="-1.905" y1="-1.524" x2="-3.81" y2="1.524" width="0.1524" layer="94"/><wire x1="-3.81" y1="1.524" x2="-5.08" y2="0" width="0.1524" layer="94"/><wire x1="-5.08" y1="0" x2="-7.62" y2="0" width="0.1524" layer="94"/><text size="2" x="0" y="5.715" layer="95" align="center">&gt;NAME</text><text size="2" x="0" y="3.175" layer="96" align="center">&gt;VALUE</text></symbol><symbol name="LM3488MMX/NOPB@1"><pin name="ISEN@1" x="20.32" y="-5.08" rot="MR0" direction="pas" length="short" visible="both" swaplevel="0"/><pin name="COMP@2" x="-20.32" y="-5.08" rot="MR180" direction="pas" length="short" visible="both" swaplevel="0"/><pin name="FB@3" x="0" y="15.24" rot="MR270" direction="pas" length="short" visible="both" swaplevel="0"/><pin name="AGND@4" x="-7.62" y="-15.24" rot="MR90" direction="pas" length="short" visible="both" swaplevel="0"/><pin name="PGND@5" x="0" y="-15.24" rot="MR90" direction="pas" length="short" visible="both" swaplevel="0"/><pin name="DR@6" x="20.32" y="2.54" rot="MR0" direction="pas" length="short" visible="both" swaplevel="0"/><pin name="FA/SYNC/SD@7" x="7.62" y="-15.24" rot="MR90" direction="pas" length="short" visible="both" swaplevel="0"/><pin name="VIN@8" x="-20.32" y="7.62" rot="MR180" direction="pas" length="short" visible="both" swaplevel="0"/><wire x1="-17.78" y1="12.7" x2="17.78" y2="12.7" width="0.1524" layer="94"/><wire x1="17.78" y1="12.7" x2="17.78" y2="-12.7" width="0.1524" layer="94"/><wire x1="17.78" y1="-12.7" x2="-17.78" y2="-12.7" width="0.1524" layer="94"/><wire x1="-17.78" y1="-12.7" x2="-17.78" y2="12.7" width="0.1524" layer="94"/><wire x1="20.32" y1="-5.08" x2="17.78" y2="-5.08" width="0.1524" layer="94"/><wire x1="-7.62" y1="-15.24" x2="-7.62" y2="-12.7" width="0.1524" layer="94"/><wire x1="-20.32" y1="-5.08" x2="-17.78" y2="-5.08" width="0.1524" layer="94"/><wire x1="7.62" y1="-15.24" x2="7.62" y2="-12.7" width="0.1524" layer="94"/><wire x1="0" y1="15.24" x2="0" y2="12.7" width="0.1524" layer="94"/><wire x1="20.32" y1="2.54" x2="17.78" y2="2.54" width="0.1524" layer="94"/><wire x1="0" y1="-15.24" x2="0" y2="-12.7" width="0.1524" layer="94"/><wire x1="-20.32" y1="7.62" x2="-17.78" y2="7.62" width="0.1524" layer="94"/><text size="2" x="0" y="5.08" layer="95" align="center">&gt;NAME</text><text size="2" x="0" y="2.54" layer="96" align="center">&gt;VALUE</text></symbol><symbol name="CRCW040220R0FKED@1"><pin name="1@1" x="7.62" y="0" rot="MR0" direction="pas" length="short" visible="off" swaplevel="0"/><pin name="2@2" x="-7.62" y="0" rot="MR180" direction="pas" length="short" visible="off" swaplevel="0"/><wire x1="7.62" y1="0" x2="5.08" y2="0" width="0.1524" layer="94"/><wire x1="5.08" y1="0" x2="3.81" y2="1.524" width="0.1524" layer="94"/><wire x1="3.81" y1="1.524" x2="1.905" y2="-1.524" width="0.1524" layer="94"/><wire x1="1.905" y1="-1.524" x2="0" y2="1.524" width="0.1524" layer="94"/><wire x1="0" y1="1.524" x2="-1.905" y2="-1.524" width="0.1524" layer="94"/><wire x1="-1.905" y1="-1.524" x2="-3.81" y2="1.524" width="0.1524" layer="94"/><wire x1="-3.81" y1="1.524" x2="-5.08" y2="0" width="0.1524" layer="94"/><wire x1="-5.08" y1="0" x2="-7.62" y2="0" width="0.1524" layer="94"/><text size="2" x="0" y="5.715" layer="95" align="center">&gt;NAME</text><text size="2" x="0" y="3.175" layer="96" align="center">&gt;VALUE</text></symbol><symbol name="GRM155R61A823KA01D@1"><pin name="1@1" x="7.62" y="0" rot="MR0" direction="pas" length="short" visible="off" swaplevel="0"/><pin name="2@2" x="-7.62" y="0" rot="MR180" direction="pas" length="short" visible="off" swaplevel="0"/><wire x1="7.62" y1="0" x2="5.08" y2="0" width="0.1524" layer="94"/><wire x1="-7.62" y1="0" x2="-5.08" y2="0" width="0.1524" layer="94"/><wire x1="0.762" y1="-3.048" x2="0.762" y2="3.048" width="0.1524" layer="94"/><wire x1="-5.08" y1="0" x2="-0.762" y2="0" width="0.1524" layer="94"/><wire x1="0.762" y1="0" x2="5.08" y2="0" width="0.1524" layer="94"/><wire x1="-0.762" y1="-3.048" x2="-0.762" y2="3.048" width="0.1524" layer="94"/><text size="2" x="0" y="7.62" layer="95" align="center">&gt;NAME</text><text size="2" x="0" y="5.08" layer="96" align="center">&gt;VALUE</text></symbol><symbol name="CRCW04021K18FKED@1"><pin name="1@1" x="7.62" y="0" rot="MR0" direction="pas" length="short" visible="off" swaplevel="0"/><pin name="2@2" x="-7.62" y="0" rot="MR180" direction="pas" length="short" visible="off" swaplevel="0"/><wire x1="7.62" y1="0" x2="5.08" y2="0" width="0.1524" layer="94"/><wire x1="5.08" y1="0" x2="3.81" y2="1.524" width="0.1524" layer="94"/><wire x1="3.81" y1="1.524" x2="1.905" y2="-1.524" width="0.1524" layer="94"/><wire x1="1.905" y1="-1.524" x2="0" y2="1.524" width="0.1524" layer="94"/><wire x1="0" y1="1.524" x2="-1.905" y2="-1.524" width="0.1524" layer="94"/><wire x1="-1.905" y1="-1.524" x2="-3.81" y2="1.524" width="0.1524" layer="94"/><wire x1="-3.81" y1="1.524" x2="-5.08" y2="0" width="0.1524" layer="94"/><wire x1="-5.08" y1="0" x2="-7.62" y2="0" width="0.1524" layer="94"/><text size="2" x="0" y="5.715" layer="95" align="center">&gt;NAME</text><text size="2" x="0" y="3.175" layer="96" align="center">&gt;VALUE</text></symbol><symbol name="WB_GND@1"><pin name="1@1" x="0" y="2.54" rot="MR270" direction="pas" length="short" visible="off" swaplevel="0"/><wire x1="0" y1="2.54" x2="0" y2="0" width="0.1524" layer="94"/><wire x1="-3.302" y1="0" x2="3.302" y2="0" width="0.1524" layer="94"/><wire x1="-2.286" y1="-1.016" x2="2.286" y2="-1.016" width="0.1524" layer="94"/><wire x1="-0.762" y1="-2.032" x2="0.762" y2="-2.032" width="0.1524" layer="94"/></symbol><symbol name="NPI75C120MTRF@1"><pin name="2@2" x="7.62" y="0" rot="MR0" direction="pas" length="short" visible="off" swaplevel="0"/><pin name="1@1" x="-7.62" y="0" rot="MR180" direction="pas" length="short" visible="off" swaplevel="0"/><wire cap="round" x1="2.70086965376353" y1="0.835686125023295" x2="2.5488127292636" y2="-6.24799789495706E-04" layer="94" curve="12.47546" width="0.1524"/><wire cap="round" x1="3.80990829544782" y1="1.85597139451402" x2="2.69064524918793" y2="0.838459388755286" layer="94" curve="78.62357" width="0.1524"/><wire cap="round" x1="4.90450120907934" y1="0.838494459997258" x2="3.81012877640754" y2="1.85651641360845" layer="94" curve="79.52696" width="0.1524"/><wire cap="round" x1="5.08194212297714" y1="7.65933497371016E-02" x2="4.90412159312222" y2="0.838683789637753" layer="94" curve="2.683002" width="0.1524"/><wire x1="5.08" y1="7.32740090825246E-14" x2="7.62" y2="8.71708039085205E-14" width="0.1524" layer="94"/><wire cap="round" x1="0.160869647012591" y1="0.835686120495971" x2="8.81272251266148E-03" y2="-6.24804316819648E-04" layer="94" curve="12.47546" width="0.1524"/><wire cap="round" x1="1.26990852880952" y1="1.85597126998469" x2="0.150645552335143" y2="0.838459735984588" layer="94" curve="78.62355" width="0.1524"/><wire cap="round" x1="2.36450120579728" y1="0.838494428025542" x2="1.27012877312548" y2="1.85651638163673" layer="94" curve="79.52696" width="0.1524"/><wire cap="round" x1="2.53556331240561" y1="-0.177885354456139" x2="2.35799865867502" y2="0.83677165558159" layer="94" curve="17.67289" width="0.1524"/><wire cap="round" x1="-2.37913022471952" y1="0.835686100537919" x2="-2.53118714921945" y2="-6.24824274872179E-04" layer="94" curve="12.47546" width="0.1524"/><wire cap="round" x1="-1.27009153439261" y1="1.85597127646014" x2="-2.38935453412885" y2="0.838459585207164" layer="94" curve="78.62356" width="0.1524"/><wire cap="round" x1="-0.17549876466415" y1="0.838494473537584" x2="-1.26987119733595" y2="1.85651642714878" layer="94" curve="79.52696" width="0.1524"/><wire cap="round" x1="-4.43666361586885E-03" y1="-0.177885358125391" x2="-0.182001317346461" y2="0.836771651912338" layer="94" curve="17.67289" width="0.1524"/><wire x1="-7.62" y1="1.31748834064638E-14" x2="-5.08" y2="1.3716316971113E-14" width="0.1524" layer="94"/><wire cap="round" x1="-4.91913036648931" y1="0.835686111441321" x2="-5.07118729098924" y2="-6.2481337147006E-04" layer="94" curve="12.47546" width="0.1524"/><wire cap="round" x1="-3.81009141933233" y1="1.85597124231149" x2="-4.9293543958067" y2="0.838459708311387" layer="94" curve="78.62355" width="0.1524"/><wire cap="round" x1="-2.71549867276639" y1="0.838494472482158" x2="-3.80987126078252" y2="1.85651643468738" layer="94" curve="79.52697" width="0.1524"/><wire cap="round" x1="-2.54443665882017" y1="-0.177885354014588" x2="-2.72200131255076" y2="0.836771656023141" layer="94" curve="17.67289" width="0.1524"/><wire cap="round" x1="-2.54499763137906" y1="2.51755460236626E-03" x2="-2.54499765572502" y2="-0.180317541662839" layer="94" curve="53.47319" width="0.1524"/><wire cap="round" x1="-4.99761237348031E-03" y1="2.51757271580121E-03" x2="-4.9976367194459E-03" y2="-0.180317523549404" layer="94" curve="53.47319" width="0.1524"/><wire cap="round" x1="2.53500243197289" y1="2.51757460827418E-03" x2="2.53500238936746" y2="-0.180317485409697" layer="94" curve="53.47318" width="0.1524"/><text size="2" x="0" y="5.715" layer="95" align="center">&gt;NAME</text><text size="2" x="0" y="3.175" layer="96" align="center">&gt;VALUE</text></symbol><symbol name="SRN8040-330M@1"><pin name="2@2" x="7.62" y="0" rot="MR0" direction="pas" length="short" visible="off" swaplevel="0"/><pin name="1@1" x="-7.62" y="0" rot="MR180" direction="pas" length="short" visible="off" swaplevel="0"/><wire cap="round" x1="2.70086965376353" y1="0.835686125023295" x2="2.5488127292636" y2="-6.24799789495706E-04" layer="94" curve="12.47546" width="0.1524"/><wire cap="round" x1="3.80990829544782" y1="1.85597139451402" x2="2.69064524918793" y2="0.838459388755286" layer="94" curve="78.62357" width="0.1524"/><wire cap="round" x1="4.90450120907934" y1="0.838494459997258" x2="3.81012877640754" y2="1.85651641360845" layer="94" curve="79.52696" width="0.1524"/><wire cap="round" x1="5.08194212297714" y1="7.65933497371016E-02" x2="4.90412159312222" y2="0.838683789637753" layer="94" curve="2.683002" width="0.1524"/><wire x1="5.08" y1="7.32740090825246E-14" x2="7.62" y2="8.71708039085205E-14" width="0.1524" layer="94"/><wire cap="round" x1="0.160869647012591" y1="0.835686120495971" x2="8.81272251266148E-03" y2="-6.24804316819648E-04" layer="94" curve="12.47546" width="0.1524"/><wire cap="round" x1="1.26990852880952" y1="1.85597126998469" x2="0.150645552335143" y2="0.838459735984588" layer="94" curve="78.62355" width="0.1524"/><wire cap="round" x1="2.36450120579728" y1="0.838494428025542" x2="1.27012877312548" y2="1.85651638163673" layer="94" curve="79.52696" width="0.1524"/><wire cap="round" x1="2.53556331240561" y1="-0.177885354456139" x2="2.35799865867502" y2="0.83677165558159" layer="94" curve="17.67289" width="0.1524"/><wire cap="round" x1="-2.37913022471952" y1="0.835686100537919" x2="-2.53118714921945" y2="-6.24824274872179E-04" layer="94" curve="12.47546" width="0.1524"/><wire cap="round" x1="-1.27009153439261" y1="1.85597127646014" x2="-2.38935453412885" y2="0.838459585207164" layer="94" curve="78.62356" width="0.1524"/><wire cap="round" x1="-0.17549876466415" y1="0.838494473537584" x2="-1.26987119733595" y2="1.85651642714878" layer="94" curve="79.52696" width="0.1524"/><wire cap="round" x1="-4.43666361586885E-03" y1="-0.177885358125391" x2="-0.182001317346461" y2="0.836771651912338" layer="94" curve="17.67289" width="0.1524"/><wire x1="-7.62" y1="1.31748834064638E-14" x2="-5.08" y2="1.3716316971113E-14" width="0.1524" layer="94"/><wire cap="round" x1="-4.91913036648931" y1="0.835686111441321" x2="-5.07118729098924" y2="-6.2481337147006E-04" layer="94" curve="12.47546" width="0.1524"/><wire cap="round" x1="-3.81009141933233" y1="1.85597124231149" x2="-4.9293543958067" y2="0.838459708311387" layer="94" curve="78.62355" width="0.1524"/><wire cap="round" x1="-2.71549867276639" y1="0.838494472482158" x2="-3.80987126078252" y2="1.85651643468738" layer="94" curve="79.52697" width="0.1524"/><wire cap="round" x1="-2.54443665882017" y1="-0.177885354014588" x2="-2.72200131255076" y2="0.836771656023141" layer="94" curve="17.67289" width="0.1524"/><wire cap="round" x1="-2.54499763137906" y1="2.51755460236626E-03" x2="-2.54499765572502" y2="-0.180317541662839" layer="94" curve="53.47319" width="0.1524"/><wire cap="round" x1="-4.99761237348031E-03" y1="2.51757271580121E-03" x2="-4.9976367194459E-03" y2="-0.180317523549404" layer="94" curve="53.47319" width="0.1524"/><wire cap="round" x1="2.53500243197289" y1="2.51757460827418E-03" x2="2.53500238936746" y2="-0.180317485409697" layer="94" curve="53.47318" width="0.1524"/><text size="2" x="0" y="5.715" layer="95" align="center">&gt;NAME</text><text size="2" x="0" y="3.175" layer="96" align="center">&gt;VALUE</text></symbol><symbol name="WB_BATTERY@1"><pin name="+@1" x="-7.62" y="0" rot="MR180" direction="pas" length="short" visible="off" swaplevel="0"/><pin name="-@2" x="7.62" y="0" rot="MR0" direction="pas" length="short" visible="off" swaplevel="0"/><wire x1="-2.032" y1="0" x2="-7.62" y2="0" width="0.1524" layer="94"/><wire x1="-1.778" y1="-3.048" x2="-1.778" y2="3.048" width="0.1524" layer="94"/><wire x1="1.016" y1="-3.048" x2="1.016" y2="3.048" width="0.1524" layer="94"/><wire x1="7.62" y1="0" x2="2.794" y2="0" width="0.1524" layer="94"/><wire x1="-0.508" y1="-1.27" x2="-0.508" y2="1.27" width="0.1524" layer="94"/><wire x1="-0.254" y1="-1.27" x2="-0.254" y2="1.27" width="0.1524" layer="94"/><wire x1="-3.556" y1="2.286" x2="-3.556" y2="3.81" width="0.1524" layer="94"/><wire x1="-2.794" y1="3.048" x2="-4.318" y2="3.048" width="0.1524" layer="94"/><wire x1="3.302" y1="2.54" x2="3.302" y2="3.81" width="0.1524" layer="94"/><wire x1="2.54" y1="-1.27" x2="2.54" y2="1.27" width="0.1524" layer="94"/><wire x1="2.286" y1="-1.27" x2="2.286" y2="1.27" width="0.1524" layer="94"/><text size="2" x="0" y="5.08" layer="95" align="center">&gt;NAME</text></symbol><symbol name="GRM31CR60J107ME39L@1"><pin name="1@1" x="7.62" y="0" rot="MR0" direction="pas" length="short" visible="off" swaplevel="0"/><pin name="2@2" x="-7.62" y="0" rot="MR180" direction="pas" length="short" visible="off" swaplevel="0"/><wire x1="7.62" y1="0" x2="5.08" y2="0" width="0.1524" layer="94"/><wire x1="-7.62" y1="0" x2="-5.08" y2="0" width="0.1524" layer="94"/><wire x1="0.762" y1="-3.048" x2="0.762" y2="3.048" width="0.1524" layer="94"/><wire x1="-5.08" y1="0" x2="-0.762" y2="0" width="0.1524" layer="94"/><wire x1="0.762" y1="0" x2="5.08" y2="0" width="0.1524" layer="94"/><wire x1="-0.762" y1="-3.048" x2="-0.762" y2="3.048" width="0.1524" layer="94"/><text size="2" x="0" y="7.62" layer="95" align="center">&gt;NAME</text><text size="2" x="0" y="5.08" layer="96" align="center">&gt;VALUE</text></symbol></symbols><devicesets><deviceset name="GRM155R61A104KA01D" prefix=""><gates><gate name="1" addlevel="always" y="0" x="0" symbol="GRM155R61A104KA01D@1"/></gates><devices><device name="GRM155R61A104KA01D" package="0402"><connects><connect pad="1" pin="1@1" gate="1"/><connect pad="2" pin="2@2" gate="1"/></connects><technologies><technology name=""><attribute name="Cap" value="1.0E-7" constant="no"/><attribute name="ESR" value="0.0" constant="no"/><attribute name="IRMS" value="0.0" constant="no"/><attribute name="VDC" value="10.0" constant="no"/><attribute name="Manufacturer_Part_Number" value="GRM155R61A104KA01D" constant="no"/><attribute name="Vendor" value="MuRata" constant="no"/><attribute name="Manufacturer_Name" value="MuRata" constant="no"/></technology></technologies></device></devices></deviceset><deviceset name="10TPU4R7MSI" prefix=""><gates><gate name="1" addlevel="always" y="0" x="0" symbol="10TPU4R7MSI@1"/></gates><devices><device name="10TPU4R7MSI" package="CAPSMT_6_S09"><connects><connect pad="1" pin="+@1" gate="1"/><connect pad="2" pin="-@2" gate="1"/></connects><technologies><technology name=""><attribute name="Datasheet_URL" value="http://industrial.panasonic.com/www%2Ddata/pdf/AAA8000/AAA8000CE1.pdf" constant="no"/><attribute name="Cap" value="4.7E-6" constant="no"/><attribute name="ESR" value="0.3" constant="no"/><attribute name="IRMS" value="0.36" constant="no"/><attribute name="VDC" value="10.0" constant="no"/><attribute name="Manufacturer_Part_Number" value="10TPU4R7MSI" constant="no"/><attribute name="Vendor" value="Panasonic" constant="no"/><attribute name="Manufacturer_Name" value="Panasonic" constant="no"/></technology></technologies></device></devices></deviceset><deviceset name="CL21C122JBFNNWE" prefix=""><gates><gate name="1" addlevel="always" y="0" x="0" symbol="CL21C122JBFNNWE@1"/></gates><devices><device name="CL21C122JBFNNWE" package="0805"><connects><connect pad="1" pin="1@1" gate="1"/><connect pad="2" pin="2@2" gate="1"/></connects><technologies><technology name=""><attribute name="Datasheet_URL" value="http://www.samsungsem.com/servlet/FileDownload?type%3Dspec%26file%3DCL21C122JBFNNWE.pdf" constant="no"/><attribute name="Cap" value="1.2E-9" constant="no"/><attribute name="ESR" value="0.0" constant="no"/><attribute name="IRMS" value="0.0" constant="no"/><attribute name="VDC" value="50.0" constant="no"/><attribute name="Manufacturer_Part_Number" value="CL21C122JBFNNWE" constant="no"/><attribute name="Vendor" value="Samsung Electro-Mechanics" constant="no"/><attribute name="Manufacturer_Name" value="Samsung Electro-Mechanics" constant="no"/></technology></technologies></device></devices></deviceset><deviceset name="GRM21BR71A225KA01L" prefix=""><gates><gate name="1" addlevel="always" y="0" x="0" symbol="GRM21BR71A225KA01L@1"/></gates><devices><device name="GRM21BR71A225KA01L" package="0805"><connects><connect pad="1" pin="1@1" gate="1"/><connect pad="2" pin="2@2" gate="1"/></connects><technologies><technology name=""><attribute name="Cap" value="2.2E-6" constant="no"/><attribute name="ESR" value="0.0060" constant="no"/><attribute name="IRMS" value="0.0" constant="no"/><attribute name="VDC" value="10.0" constant="no"/><attribute name="Manufacturer_Part_Number" value="GRM21BR71A225KA01L" constant="no"/><attribute name="Vendor" value="MuRata" constant="no"/><attribute name="Manufacturer_Name" value="MuRata" constant="no"/></technology></technologies></device></devices></deviceset><deviceset name="B220-13-F" prefix=""><gates><gate name="1" addlevel="always" y="0" x="0" symbol="B220-13-F@1"/></gates><devices><device name="B220-13-F" package="SMB"><connects><connect pad="2" pin="A@1" gate="1"/><connect pad="1" pin="K@2" gate="1"/></connects><technologies><technology name=""><attribute name="Datasheet_URL" value="http://www.diodes.com/datasheets/ds13004.pdf" constant="no"/><attribute name="Io" value="2.0" constant="no"/><attribute name="VRRM" value="20.0" constant="no"/><attribute name="VFatIo" value="0.5" constant="no"/><attribute name="Manufacturer_Part_Number" value="B220-13-F" constant="no"/><attribute name="Vendor" value="Diodes Inc." constant="no"/><attribute name="Manufacturer_Name" value="Diodes Inc." constant="no"/></technology></technologies></device></devices></deviceset><deviceset name="GRM2195C1H512JA01D" prefix=""><gates><gate name="1" addlevel="always" y="0" x="0" symbol="GRM2195C1H512JA01D@1"/></gates><devices><device name="GRM2195C1H512JA01D" package="0805"><connects><connect pad="1" pin="1@1" gate="1"/><connect pad="2" pin="2@2" gate="1"/></connects><technologies><technology name=""><attribute name="Cap" value="5.1E-9" constant="no"/><attribute name="ESR" value="0.0" constant="no"/><attribute name="IRMS" value="0.0" constant="no"/><attribute name="VDC" value="50.0" constant="no"/><attribute name="Manufacturer_Part_Number" value="GRM2195C1H512JA01D" constant="no"/><attribute name="Vendor" value="MuRata" constant="no"/><attribute name="Manufacturer_Name" value="MuRata" constant="no"/></technology></technologies></device></devices></deviceset><deviceset name="CSD17308Q3" prefix=""><gates><gate name="1" addlevel="always" y="0" x="0" symbol="CSD17308Q3@1"/></gates><devices><device name="CSD17308Q3" package="DQG0008A"><connects><connect pad="5" pin="Drain@1" gate="1"/><connect pad="6" pin="Drain@2" gate="1"/><connect pad="7" pin="Drain@3" gate="1"/><connect pad="8" pin="Drain@4" gate="1"/><connect pad="9" pin="Drain@5" gate="1"/><connect pad="4" pin="Gate@6" gate="1"/><connect pad="1" pin="Source@7" gate="1"/><connect pad="2" pin="Source@8" gate="1"/><connect pad="3" pin="Source@9" gate="1"/></connects><technologies><technology name=""><attribute name="Datasheet_URL" value="http://www.ti.com/lit/ds/symlink/csd17308q3.pdf" constant="no"/><attribute name="VdsMax" value="30.0" constant="no"/><attribute name="IdsMax" value="50.0" constant="no"/><attribute name="Rdson45" value="0.0094" constant="no"/><attribute name="QgTyp" value="3.9" constant="no"/><attribute name="Quantity" value="1" constant="no"/><attribute name="Manufacturer_Part_Number" value="CSD17308Q3" constant="no"/><attribute name="Vendor" value="Texas Instruments" constant="no"/><attribute name="Manufacturer_Name" value="Texas Instruments" constant="no"/></technology></technologies></device></devices></deviceset><deviceset name="WB_CURRENT_LOAD" prefix=""><gates><gate name="1" addlevel="always" y="0" x="0" symbol="WB_CURRENT_LOAD@1"/></gates><devices><device name="WB_CURRENT_LOAD" package="WB_CURRENT_LOAD"><connects><connect pad="1" pin="+@1" gate="1"/><connect pad="2" pin="-@2" gate="1"/></connects><technologies><technology name=""><attribute name="Value" value="Value" constant="no"/><attribute name="Manufacturer_Part_Number" value="WB_CURRENT_LOAD" constant="no"/><attribute name="Manufacturer_Name" value="WB_CURRENT_LOAD" constant="no"/><attribute name="PowerPortType" value="POWER_GROUND" constant="no"/></technology></technologies></device></devices></deviceset><deviceset name="CRCW040269K8FKED" prefix=""><gates><gate name="1" addlevel="always" y="0" x="0" symbol="CRCW040269K8FKED@1"/></gates><devices><device name="CRCW040269K8FKED" package="0402"><connects><connect pad="1" pin="1@1" gate="1"/><connect pad="2" pin="2@2" gate="1"/></connects><technologies><technology name=""><attribute name="Resistance" value="69800.0" constant="no"/><attribute name="Power" value="0.063" constant="no"/><attribute name="Tolerance" value="1.0" constant="no"/><attribute name="Manufacturer_Part_Number" value="CRCW040269K8FKED" constant="no"/><attribute name="Vendor" value="Vishay-Dale" constant="no"/><attribute name="Manufacturer_Name" value="Vishay-Dale" constant="no"/></technology></technologies></device></devices></deviceset><deviceset name="CRCW040210K0FKED" prefix=""><gates><gate name="1" addlevel="always" y="0" x="0" symbol="CRCW040210K0FKED@1"/></gates><devices><device name="CRCW040210K0FKED" package="0402"><connects><connect pad="1" pin="1@1" gate="1"/><connect pad="2" pin="2@2" gate="1"/></connects><technologies><technology name=""><attribute name="Resistance" value="10000.0" constant="no"/><attribute name="Power" value="0.063" constant="no"/><attribute name="Tolerance" value="1.0" constant="no"/><attribute name="Manufacturer_Part_Number" value="CRCW040210K0FKED" constant="no"/><attribute name="Vendor" value="Vishay-Dale" constant="no"/><attribute name="Manufacturer_Name" value="Vishay-Dale" constant="no"/></technology></technologies></device></devices></deviceset><deviceset name="CRCW040216K2FKED" prefix=""><gates><gate name="1" addlevel="always" y="0" x="0" symbol="CRCW040216K2FKED@1"/></gates><devices><device name="CRCW040216K2FKED" package="0402"><connects><connect pad="1" pin="1@1" gate="1"/><connect pad="2" pin="2@2" gate="1"/></connects><technologies><technology name=""><attribute name="Resistance" value="16200.0" constant="no"/><attribute name="Power" value="0.063" constant="no"/><attribute name="Tolerance" value="1.0" constant="no"/><attribute name="Manufacturer_Part_Number" value="CRCW040216K2FKED" constant="no"/><attribute name="Vendor" value="Vishay-Dale" constant="no"/><attribute name="Manufacturer_Name" value="Vishay-Dale" constant="no"/></technology></technologies></device></devices></deviceset><deviceset name="CRCW0402100RFKED" prefix=""><gates><gate name="1" addlevel="always" y="0" x="0" symbol="CRCW0402100RFKED@1"/></gates><devices><device name="CRCW0402100RFKED" package="0402"><connects><connect pad="1" pin="1@1" gate="1"/><connect pad="2" pin="2@2" gate="1"/></connects><technologies><technology name=""><attribute name="Resistance" value="100.0" constant="no"/><attribute name="Power" value="0.063" constant="no"/><attribute name="Tolerance" value="1.0" constant="no"/><attribute name="Manufacturer_Part_Number" value="CRCW0402100RFKED" constant="no"/><attribute name="Vendor" value="Vishay-Dale" constant="no"/><attribute name="Manufacturer_Name" value="Vishay-Dale" constant="no"/></technology></technologies></device></devices></deviceset><deviceset name="ERJ-L14KF33MU" prefix=""><gates><gate name="1" addlevel="always" y="0" x="0" symbol="ERJ-L14KF33MU@1"/></gates><devices><device name="ERJ-L14KF33MU" package="1210"><connects><connect pad="1" pin="1@1" gate="1"/><connect pad="2" pin="2@2" gate="1"/></connects><technologies><technology name=""><attribute name="Resistance" value="0.033" constant="no"/><attribute name="Power" value="0.33" constant="no"/><attribute name="Tolerance" value="1.0" constant="no"/><attribute name="Manufacturer_Part_Number" value="ERJ-L14KF33MU" constant="no"/><attribute name="Vendor" value="Panasonic" constant="no"/><attribute name="Manufacturer_Name" value="Panasonic" constant="no"/></technology></technologies></device></devices></deviceset><deviceset name="LM3488MMX/NOPB" prefix=""><gates><gate name="1" addlevel="always" y="0" x="0" symbol="LM3488MMX/NOPB@1"/></gates><devices><device name="LM3488MMX/NOPB" package="MUA08A"><connects><connect pad="1" pin="ISEN@1" gate="1"/><connect pad="2" pin="COMP@2" gate="1"/><connect pad="3" pin="FB@3" gate="1"/><connect pad="4" pin="AGND@4" gate="1"/><connect pad="5" pin="PGND@5" gate="1"/><connect pad="6" pin="DR@6" gate="1"/><connect pad="7" pin="FA/SYNC/SD@7" gate="1"/><connect pad="8" pin="VIN@8" gate="1"/></connects><technologies><technology name=""><attribute name="Datasheet_URL" value="http://www.ti.com/product/lm3488" constant="no"/><attribute name="Frequency" value="1000000.0" constant="no"/><attribute name="Imax" value="20.0" constant="no"/><attribute name="Package" value="NA" constant="no"/><attribute name="Mktg_Package" value="NA" constant="no"/><attribute name="NSID" value="LM3488MM/NOPB" constant="no"/><attribute name="Manufacturer_Part_Number" value="LM3488MM/NOPB" constant="no"/><attribute name="Vendor" value="Texas Instruments" constant="no"/><attribute name="Manufacturer_Name" value="Texas Instruments" constant="no"/></technology></technologies></device></devices></deviceset><deviceset name="CRCW040220R0FKED" prefix=""><gates><gate name="1" addlevel="always" y="0" x="0" symbol="CRCW040220R0FKED@1"/></gates><devices><device name="CRCW040220R0FKED" package="0402"><connects><connect pad="1" pin="1@1" gate="1"/><connect pad="2" pin="2@2" gate="1"/></connects><technologies><technology name=""><attribute name="Resistance" value="20.0" constant="no"/><attribute name="Power" value="0.063" constant="no"/><attribute name="Tolerance" value="1.0" constant="no"/><attribute name="Manufacturer_Part_Number" value="CRCW040220R0FKED" constant="no"/><attribute name="Vendor" value="Vishay-Dale" constant="no"/><attribute name="Manufacturer_Name" value="Vishay-Dale" constant="no"/></technology></technologies></device></devices></deviceset><deviceset name="GRM155R61A823KA01D" prefix=""><gates><gate name="1" addlevel="always" y="0" x="0" symbol="GRM155R61A823KA01D@1"/></gates><devices><device name="GRM155R61A823KA01D" package="0402"><connects><connect pad="1" pin="1@1" gate="1"/><connect pad="2" pin="2@2" gate="1"/></connects><technologies><technology name=""><attribute name="Cap" value="8.2E-8" constant="no"/><attribute name="ESR" value="0.0" constant="no"/><attribute name="IRMS" value="0.0" constant="no"/><attribute name="VDC" value="10.0" constant="no"/><attribute name="Manufacturer_Part_Number" value="GRM155R61A823KA01D" constant="no"/><attribute name="Vendor" value="MuRata" constant="no"/><attribute name="Manufacturer_Name" value="MuRata" constant="no"/></technology></technologies></device></devices></deviceset><deviceset name="CRCW04021K18FKED" prefix=""><gates><gate name="1" addlevel="always" y="0" x="0" symbol="CRCW04021K18FKED@1"/></gates><devices><device name="CRCW04021K18FKED" package="0402"><connects><connect pad="1" pin="1@1" gate="1"/><connect pad="2" pin="2@2" gate="1"/></connects><technologies><technology name=""><attribute name="Resistance" value="1180.0" constant="no"/><attribute name="Power" value="0.063" constant="no"/><attribute name="Tolerance" value="1.0" constant="no"/><attribute name="Manufacturer_Part_Number" value="CRCW04021K18FKED" constant="no"/><attribute name="Vendor" value="Vishay-Dale" constant="no"/><attribute name="Manufacturer_Name" value="Vishay-Dale" constant="no"/></technology></technologies></device></devices></deviceset><deviceset name="WB_GND" prefix=""><gates><gate name="1" addlevel="always" y="0" x="0" symbol="WB_GND@1"/></gates><devices><device name="WB_GND" package="WB_GND"><connects><connect pad="1" pin="1@1" gate="1"/></connects><technologies><technology name=""><attribute name="Value" value="Value" constant="no"/><attribute name="Manufacturer_Part_Number" value="WB_GND" constant="no"/><attribute name="Manufacturer_Name" value="WB_GND" constant="no"/><attribute name="PowerPortType" value="POWER_GROUND" constant="no"/></technology></technologies></device></devices></deviceset><deviceset name="NPI75C120MTRF" prefix=""><gates><gate name="1" addlevel="always" y="0" x="0" symbol="NPI75C120MTRF@1"/></gates><devices><device name="NPI75C120MTRF" package="IND_NPI75C"><connects><connect pad="1" pin="1@1" gate="1"/><connect pad="2" pin="2@2" gate="1"/></connects><technologies><technology name=""><attribute name="L" value="1.2E-5" constant="no"/><attribute name="DCR" value="0.08" constant="no"/><attribute name="IDC" value="2.0" constant="no"/><attribute name="Manufacturer_Part_Number" value="NPI75C120MTRF" constant="no"/><attribute name="Vendor" value="NIC Components" constant="no"/><attribute name="Manufacturer_Name" value="NIC Components" constant="no"/></technology></technologies></device></devices></deviceset><deviceset name="SRN8040-330M" prefix=""><gates><gate name="1" addlevel="always" y="0" x="0" symbol="SRN8040-330M@1"/></gates><devices><device name="SRN8040-330M" package="SRN8040"><connects><connect pad="1" pin="1@1" gate="1"/><connect pad="2" pin="2@2" gate="1"/></connects><technologies><technology name=""><attribute name="Datasheet_URL" value="http://www.bourns.com/data/global/pdfs/SRN8040.pdf" constant="no"/><attribute name="L" value="3.3E-5" constant="no"/><attribute name="DCR" value="0.145" constant="no"/><attribute name="IDC" value="1.7" constant="no"/><attribute name="Manufacturer_Part_Number" value="SRN8040-330M" constant="no"/><attribute name="Vendor" value="Bourns" constant="no"/><attribute name="Manufacturer_Name" value="Bourns" constant="no"/></technology></technologies></device></devices></deviceset><deviceset name="WB_BATTERY" prefix=""><gates><gate name="1" addlevel="always" y="0" x="0" symbol="WB_BATTERY@1"/></gates><devices><device name="WB_BATTERY" package="WB_BATTERY"><connects><connect pad="1" pin="+@1" gate="1"/><connect pad="2" pin="-@2" gate="1"/></connects><technologies><technology name=""><attribute name="Value" value="Value" constant="no"/><attribute name="Manufacturer_Part_Number" value="WB_BATTERY" constant="no"/><attribute name="Manufacturer_Name" value="WB_BATTERY" constant="no"/><attribute name="PowerPortType" value="POWER_GROUND" constant="no"/></technology></technologies></device></devices></deviceset><deviceset name="GRM31CR60J107ME39L" prefix=""><gates><gate name="1" addlevel="always" y="0" x="0" symbol="GRM31CR60J107ME39L@1"/></gates><devices><device name="GRM31CR60J107ME39L" package="1206_190"><connects><connect pad="1" pin="1@1" gate="1"/><connect pad="2" pin="2@2" gate="1"/></connects><technologies><technology name=""><attribute name="Cap" value="1.0E-4" constant="no"/><attribute name="ESR" value="0.0030" constant="no"/><attribute name="IRMS" value="0.0" constant="no"/><attribute name="VDC" value="6.3" constant="no"/><attribute name="Manufacturer_Part_Number" value="GRM31CR60J107ME39L" constant="no"/><attribute name="Vendor" value="MuRata" constant="no"/><attribute name="Manufacturer_Name" value="MuRata" constant="no"/></technology></technologies></device></devices></deviceset></devicesets></library></libraries><attributes/><variantdefs/><classes><class number="0" name="default" width="0" drill="0"/></classes><parts><part name="CBP" library="AcceleratedDesigns_Lib" device="GRM155R61A104KA01D" deviceset="GRM155R61A104KA01D" value="100nF"/><part name="CIN" library="AcceleratedDesigns_Lib" device="10TPU4R7MSI" deviceset="10TPU4R7MSI" value="4.7uF"/><part name="CRAMP" library="AcceleratedDesigns_Lib" device="CL21C122JBFNNWE" deviceset="CL21C122JBFNNWE" value="1.2nF"/><part name="CSEP" library="AcceleratedDesigns_Lib" device="GRM21BR71A225KA01L" deviceset="GRM21BR71A225KA01L" value="2.2uF"/><part name="D1" library="AcceleratedDesigns_Lib" device="B220-13-F" deviceset="B220-13-F" value="500mV"/><part name="GND" library="AcceleratedDesigns_Lib" device="WB_GND" deviceset="WB_GND" value="WB_GND"/><part name="M1" library="AcceleratedDesigns_Lib" device="CSD17308Q3" deviceset="CSD17308Q3" value="30V"/><part name="COUT" library="AcceleratedDesigns_Lib" device="GRM31CR60J107ME39L" deviceset="GRM31CR60J107ME39L" value="100uF"/><part name="RFADJ" library="AcceleratedDesigns_Lib" device="CRCW040269K8FKED" deviceset="CRCW040269K8FKED" value="69.8k"/><part name="RFB1" library="AcceleratedDesigns_Lib" device="CRCW040210K0FKED" deviceset="CRCW040210K0FKED" value="10k"/><part name="RFB2" library="AcceleratedDesigns_Lib" device="CRCW040216K2FKED" deviceset="CRCW040216K2FKED" value="16.2k"/><part name="RRAMP" library="AcceleratedDesigns_Lib" device="CRCW0402100RFKED" deviceset="CRCW0402100RFKED" value="100"/><part name="RSENSE" library="AcceleratedDesigns_Lib" device="ERJ-L14KF33MU" deviceset="ERJ-L14KF33MU" value="33m"/><part name="U1" library="AcceleratedDesigns_Lib" device="LM3488MMX/NOPB" deviceset="LM3488MMX/NOPB" value="LM3488MMX/NOPB"/><part name="RBP" library="AcceleratedDesigns_Lib" device="CRCW040220R0FKED" deviceset="CRCW040220R0FKED" value="20"/><part name="CCOMP" library="AcceleratedDesigns_Lib" device="GRM155R61A823KA01D" deviceset="GRM155R61A823KA01D" value="82nF"/><part name="RCOMP" library="AcceleratedDesigns_Lib" device="CRCW04021K18FKED" deviceset="CRCW04021K18FKED" value="1.18k"/><part name="CCOMP2" library="AcceleratedDesigns_Lib" device="GRM2195C1H512JA01D" deviceset="GRM2195C1H512JA01D" value="5.1nF"/><part name="GND100" library="AcceleratedDesigns_Lib" device="WB_GND" deviceset="WB_GND" value="WB_GND"/><part name="LIN" library="AcceleratedDesigns_Lib" device="NPI75C120MTRF" deviceset="NPI75C120MTRF" value="12uH"/><part name="LOUT" library="AcceleratedDesigns_Lib" device="SRN8040-330M" deviceset="SRN8040-330M" value="33uH"/><part name="VIN" library="AcceleratedDesigns_Lib" device="WB_BATTERY" deviceset="WB_BATTERY" value="WB_BATTERY"/><part name="IOUT" library="AcceleratedDesigns_Lib" device="WB_CURRENT_LOAD" deviceset="WB_CURRENT_LOAD" value="WB_CURRENT_LOAD"/><part name="COUT_2" library="AcceleratedDesigns_Lib" device="GRM31CR60J107ME39L" deviceset="GRM31CR60J107ME39L" value="100uF"/></parts><sheets><sheet><plain/><instances><instance part="Cbp" gate="1" x="64.77" y="83.82" rot="R90" smashed="yes"><attribute name="NAME" x="67.818" y="88.138" size="2" layer="95" rot="R0" align="bottom-left"/><attribute name="VALUE" x="67.818" y="83.566" size="2" layer="96" rot="R0" align="bottom-left"/></instance><instance part="Cin" gate="1" x="49.53" y="88.9" rot="R90" smashed="yes"><attribute name="NAME" x="52.832" y="93.472" size="2" layer="95" rot="R0" align="bottom-left"/><attribute name="VALUE" x="52.832" y="88.9" size="2" layer="96" rot="R0" align="bottom-left"/></instance><instance part="Cramp" gate="1" x="156.21" y="66.04" rot="R90" smashed="yes"><attribute name="NAME" x="159.258" y="70.358" size="2" layer="95" rot="R0" align="bottom-left"/><attribute name="VALUE" x="159.258" y="65.786" size="2" layer="96" rot="R0" align="bottom-left"/></instance><instance part="Csep" gate="1" x="186.69" y="149.86" rot="R0" smashed="yes"><attribute name="NAME" x="186.69" y="155.956" size="2" layer="95" rot="R0" align="bottom-center"/><attribute name="VALUE" x="186.69" y="143.002" size="2" layer="96" rot="R0" align="bottom-center"/></instance><instance part="D1" gate="1" x="242.57" y="149.86" rot="R180" smashed="yes"><attribute name="NAME" x="242.57" y="155.956" size="2" layer="95" rot="R0" align="bottom-center"/><attribute name="VALUE" x="242.57" y="143.002" size="2" layer="96" rot="R0" align="bottom-center"/></instance><instance part="GND" gate="1" x="44.45" y="58.42" rot="R0" smashed="yes"><attribute name="NAME" x="44.45" y="64.008" size="2" layer="95" display="off" rot="R0" align="bottom-center"/></instance><instance part="M1" gate="1" x="167.64" y="101.6" rot="R0" smashed="yes"><attribute name="NAME" x="167.64" y="109.22" size="2" layer="95" rot="R0" align="top-center"/><attribute name="VALUE" x="167.64" y="93.98" size="2" layer="96" rot="R0" align="bottom-center"/></instance><instance part="Cout" gate="1" x="346.71" y="83.82" rot="R90" smashed="yes"><attribute name="NAME" x="349.758" y="88.138" size="2" layer="95" rot="R0" align="bottom-left"/><attribute name="VALUE" x="349.758" y="83.566" size="2" layer="96" rot="R0" align="bottom-left"/></instance><instance part="Rfadj" gate="1" x="140.97" y="55.88" rot="R270" smashed="yes"><attribute name="NAME" x="142.494" y="58.674" size="2" layer="95" rot="R0" align="bottom-left"/><attribute name="VALUE" x="142.494" y="54.102" size="2" layer="96" rot="R0" align="bottom-left"/></instance><instance part="Rfb1" gate="1" x="270.51" y="68.58" rot="R90" smashed="yes"><attribute name="NAME" x="272.034" y="71.374" size="2" layer="95" rot="R0" align="bottom-left"/><attribute name="VALUE" x="272.034" y="66.802" size="2" layer="96" rot="R0" align="bottom-left"/></instance><instance part="Rfb2" gate="1" x="270.51" y="127" rot="R90" smashed="yes"><attribute name="NAME" x="272.034" y="129.794" size="2" layer="95" rot="R0" align="bottom-left"/><attribute name="VALUE" x="272.034" y="125.222" size="2" layer="96" rot="R0" align="bottom-left"/></instance><instance part="Rramp" gate="1" x="161.29" y="93.98" rot="R180" smashed="yes"><attribute name="NAME" x="161.29" y="98.552" size="2" layer="95" rot="R0" align="bottom-center"/><attribute name="VALUE" x="161.29" y="88.646" size="2" layer="96" rot="R0" align="bottom-center"/></instance><instance part="Rsense" gate="1" x="171.45" y="55.88" rot="R90" smashed="yes"><attribute name="NAME" x="172.974" y="58.674" size="2" layer="95" rot="R0" align="bottom-left"/><attribute name="VALUE" x="172.974" y="54.102" size="2" layer="96" rot="R0" align="bottom-left"/></instance><instance part="U1" gate="1" x="133.35" y="99.06" rot="R0" smashed="yes"><attribute name="NAME" x="133.35" y="99.06" size="2" layer="95" rot="R0" align="bottom-center"/><attribute name="TYPE" x="133.35" y="95.25" size="2" layer="96" rot="R0" align="bottom-center"/></instance><instance part="Rbp" gate="1" x="87.63" y="129.54" rot="R90" smashed="yes"><attribute name="NAME" x="89.154" y="132.334" size="2" layer="95" rot="R0" align="bottom-left"/><attribute name="VALUE" x="89.154" y="127.762" size="2" layer="96" rot="R0" align="bottom-left"/></instance><instance part="Ccomp" gate="1" x="100.33" y="68.58" rot="R90" smashed="yes"><attribute name="NAME" x="103.378" y="72.898" size="2" layer="95" rot="R0" align="bottom-left"/><attribute name="VALUE" x="103.378" y="68.326" size="2" layer="96" rot="R0" align="bottom-left"/></instance><instance part="Rcomp" gate="1" x="100.33" y="83.82" rot="R90" smashed="yes"><attribute name="NAME" x="101.854" y="86.614" size="2" layer="95" rot="R0" align="bottom-left"/><attribute name="VALUE" x="101.854" y="82.042" size="2" layer="96" rot="R0" align="bottom-left"/></instance><instance part="Ccomp2" gate="1" x="82.55" y="76.2" rot="R90" smashed="yes"><attribute name="NAME" x="85.598" y="80.518" size="2" layer="95" rot="R0" align="bottom-left"/><attribute name="VALUE" x="85.598" y="75.946" size="2" layer="96" rot="R0" align="bottom-left"/></instance><instance part="GND100" gate="1" x="138.43" y="160.02" rot="R270" smashed="yes"><attribute name="NAME" x="140.97" y="163.83" size="2" layer="95" display="off" rot="R0" align="bottom-left"/></instance><instance part="Lin" gate="1" x="151.13" y="149.86" rot="R0" smashed="yes"><attribute name="NAME" x="151.13" y="154.178" size="2" layer="95" rot="R0" align="bottom-center"/><attribute name="VALUE" x="151.13" y="144.78" size="2" layer="96" rot="R0" align="bottom-center"/></instance><instance part="Lout" gate="1" x="151.13" y="160.02" rot="R0" smashed="yes"><attribute name="NAME" x="151.13" y="164.338" size="2" layer="95" rot="R0" align="bottom-center"/><attribute name="VALUE" x="151.13" y="154.94" size="2" layer="96" rot="R0" align="bottom-center"/></instance><instance part="Vin" gate="1" x="29.21" y="96.52" rot="R270" smashed="yes"><attribute name="NAME" x="33.02" y="101.6" size="2" layer="95" rot="R0" align="bottom-left"/></instance><instance part="Iout" gate="1" x="410.21" y="81.28" rot="R270" smashed="yes"><attribute name="NAME" x="414.274" y="86.614" size="2" layer="95" rot="R0" align="bottom-left"/></instance><instance part="Cout_2" gate="1" x="364.49" y="83.82" rot="R90" smashed="yes"><attribute name="NAME" x="367.538" y="88.138" size="2" layer="95" rot="R0" align="bottom-left"/><attribute name="VALUE" x="367.538" y="83.566" size="2" layer="96" rot="R0" align="bottom-left"/></instance></instances><busses/><nets><net name="7" class="0"><segment><pinref part="Cbp" pin="1@1" gate="1"/><pinref part="U1" pin="VIN@8" gate="1"/><pinref part="Rbp" pin="2@2" gate="1"/><wire x1="87.63" y1="106.68" x2="87.63" y2="121.92" width="0" layer="91"/><wire x1="64.77" y1="91.44" x2="64.77" y2="106.68" width="0" layer="91"/><wire x1="113.03" y1="106.68" x2="64.77" y2="106.68" width="0" layer="91"/></segment></net><net name="0" class="0"><segment><pinref part="Cbp" pin="2@2" gate="1"/><pinref part="Cin" pin="-@2" gate="1"/><pinref part="Cramp" pin="2@2" gate="1"/><pinref part="GND" pin="1@1" gate="1"/><pinref part="Cout" pin="2@2" gate="1"/><pinref part="Rfadj" pin="1@1" gate="1"/><pinref part="Rfb1" pin="2@2" gate="1"/><pinref part="Rsense" pin="2@2" gate="1"/><pinref part="U1" pin="AGND@4" gate="1"/><pinref part="U1" pin="PGND@5" gate="1"/><pinref part="Ccomp" pin="2@2" gate="1"/><pinref part="Ccomp2" pin="2@2" gate="1"/><pinref part="GND100" pin="1@1" gate="1"/><pinref part="Lout" pin="2@2" gate="1"/><pinref part="Vin" pin="-@2" gate="1"/><pinref part="Iout" pin="-@2" gate="1"/><pinref part="Cout_2" pin="2@2" gate="1"/><wire x1="346.71" y1="76.2" x2="346.71" y2="43.18" width="0" layer="91"/><wire x1="143.51" y1="160.02" x2="140.97" y2="160.02" width="0" layer="91"/><wire x1="49.53" y1="81.28" x2="49.53" y2="25.4" width="0" layer="91"/><wire x1="64.77" y1="76.2" x2="64.77" y2="25.4" width="0" layer="91"/><wire x1="82.55" y1="68.58" x2="82.55" y2="25.4" width="0" layer="91"/><wire x1="100.33" y1="60.96" x2="100.33" y2="25.4" width="0" layer="91"/><wire x1="125.73" y1="83.82" x2="125.73" y2="25.4" width="0" layer="91"/><wire x1="133.35" y1="83.82" x2="133.35" y2="25.4" width="0" layer="91"/><wire x1="140.97" y1="48.26" x2="140.97" y2="25.4" width="0" layer="91"/><wire x1="156.21" y1="58.42" x2="156.21" y2="25.4" width="0" layer="91"/><wire x1="171.45" y1="48.26" x2="171.45" y2="25.4" width="0" layer="91"/><wire x1="49.53" y1="25.4" x2="288.29" y2="25.4" width="0" layer="91"/><wire x1="270.51" y1="60.96" x2="270.51" y2="25.4" width="0" layer="91"/><wire x1="288.29" y1="43.18" x2="288.29" y2="25.4" width="0" layer="91"/><wire x1="288.29" y1="43.18" x2="387.35" y2="43.18" width="0" layer="91"/><wire x1="387.35" y1="60.96" x2="387.35" y2="43.18" width="0" layer="91"/><wire x1="387.35" y1="60.96" x2="410.21" y2="60.96" width="0" layer="91"/><wire x1="29.21" y1="60.96" x2="49.53" y2="60.96" width="0" layer="91"/><wire x1="29.21" y1="60.96" x2="29.21" y2="88.9" width="0" layer="91"/><wire x1="410.21" y1="60.96" x2="410.21" y2="73.66" width="0" layer="91"/><wire x1="346.71" y1="76.2" x2="364.49" y2="76.2" width="0" layer="91"/></segment></net><net name="3" class="0"><segment><pinref part="Cin" pin="+@1" gate="1"/><pinref part="Rbp" pin="1@1" gate="1"/><pinref part="Lin" pin="2@2" gate="1"/><pinref part="Vin" pin="+@1" gate="1"/><wire x1="87.63" y1="137.16" x2="87.63" y2="147.32" width="0" layer="91"/><wire x1="87.63" y1="147.32" x2="95.25" y2="147.32" width="0" layer="91"/><wire x1="49.53" y1="149.86" x2="49.53" y2="96.52" width="0" layer="91"/><wire x1="95.25" y1="147.32" x2="95.25" y2="149.86" width="0" layer="91"/><wire x1="49.53" y1="149.86" x2="143.51" y2="149.86" width="0" layer="91"/><wire x1="29.21" y1="116.84" x2="49.53" y2="116.84" width="0" layer="91"/><wire x1="29.21" y1="104.14" x2="29.21" y2="116.84" width="0" layer="91"/></segment></net><net name="6" class="0"><segment><pinref part="Cramp" pin="1@1" gate="1"/><wire x1="156.21" y1="73.66" x2="156.21" y2="93.98" width="0" layer="91"/></segment></net><net name="5" class="0"><segment><pinref part="Csep" pin="1@1" gate="1"/><pinref part="D1" pin="A@1" gate="1"/><pinref part="Lout" pin="1@1" gate="1"/><wire x1="158.75" y1="160.02" x2="199.39" y2="160.02" width="0" layer="91"/><wire x1="199.39" y1="149.86" x2="199.39" y2="160.02" width="0" layer="91"/><wire x1="234.95" y1="149.86" x2="194.31" y2="149.86" width="0" layer="91"/></segment></net><net name="10" class="0"><segment><pinref part="Csep" pin="2@2" gate="1"/><pinref part="M1" pin="Drain@1" gate="1"/><pinref part="M1" pin="Drain@2" gate="1"/><pinref part="M1" pin="Drain@3" gate="1"/><pinref part="M1" pin="Drain@4" gate="1"/><pinref part="M1" pin="Drain@5" gate="1"/><pinref part="Lin" pin="1@1" gate="1"/><wire x1="179.07" y1="149.86" x2="158.75" y2="149.86" width="0" layer="91"/><wire x1="171.45" y1="109.22" x2="171.45" y2="149.86" width="0" layer="91"/></segment></net><net name="2" class="0"><segment><pinref part="D1" pin="K@2" gate="1"/><pinref part="Cout" pin="1@1" gate="1"/><pinref part="Rfb2" pin="1@1" gate="1"/><pinref part="Iout" pin="+@1" gate="1"/><pinref part="Cout_2" pin="1@1" gate="1"/><wire x1="346.71" y1="124.46" x2="346.71" y2="91.44" width="0" layer="91"/><wire x1="270.51" y1="134.62" x2="270.51" y2="149.86" width="0" layer="91"/><wire x1="288.29" y1="124.46" x2="288.29" y2="149.86" width="0" layer="91"/><wire x1="288.29" y1="149.86" x2="250.19" y2="149.86" width="0" layer="91"/><wire x1="288.29" y1="124.46" x2="387.35" y2="124.46" width="0" layer="91"/><wire x1="387.35" y1="116.84" x2="387.35" y2="124.46" width="0" layer="91"/><wire x1="387.35" y1="116.84" x2="410.21" y2="116.84" width="0" layer="91"/><wire x1="410.21" y1="88.9" x2="410.21" y2="116.84" width="0" layer="91"/><wire x1="346.71" y1="91.44" x2="364.49" y2="91.44" width="0" layer="91"/></segment></net><net name="11" class="0"><segment><pinref part="M1" pin="Gate@6" gate="1"/><pinref part="U1" pin="DR@6" gate="1"/><wire x1="163.83" y1="101.6" x2="153.67" y2="101.6" width="0" layer="91"/></segment></net><net name="9" class="0"><segment><pinref part="M1" pin="Source@7" gate="1"/><pinref part="M1" pin="Source@8" gate="1"/><pinref part="M1" pin="Source@9" gate="1"/><pinref part="Rramp" pin="2@2" gate="1"/><pinref part="Rsense" pin="1@1" gate="1"/><wire x1="168.91" y1="93.98" x2="171.45" y2="93.98" width="0" layer="91"/><wire x1="171.45" y1="93.98" x2="171.45" y2="63.5" width="0" layer="91"/></segment></net><net name="1" class="0"><segment><pinref part="Rfadj" pin="2@2" gate="1"/><pinref part="U1" pin="FA/SYNC/SD@7" gate="1"/><wire x1="140.97" y1="83.82" x2="140.97" y2="63.5" width="0" layer="91"/></segment></net><net name="8" class="0"><segment><pinref part="Rfb1" pin="1@1" gate="1"/><pinref part="Rfb2" pin="2@2" gate="1"/><pinref part="U1" pin="FB@3" gate="1"/><wire x1="133.35" y1="114.3" x2="133.35" y2="116.84" width="0" layer="91"/><wire x1="133.35" y1="116.84" x2="270.51" y2="116.84" width="0" layer="91"/><wire x1="270.51" y1="119.38" x2="270.51" y2="76.2" width="0" layer="91"/></segment></net><net name="12" class="0"><segment><pinref part="Rramp" pin="1@1" gate="1"/><pinref part="U1" pin="ISEN@1" gate="1"/><wire x1="153.67" y1="93.98" x2="153.67" y2="93.98" width="0" layer="91"/></segment></net><net name="4" class="0"><segment><pinref part="U1" pin="COMP@2" gate="1"/><pinref part="Rcomp" pin="1@1" gate="1"/><pinref part="Ccomp2" pin="1@1" gate="1"/><wire x1="100.33" y1="91.44" x2="100.33" y2="93.98" width="0" layer="91"/><wire x1="82.55" y1="93.98" x2="82.55" y2="83.82" width="0" layer="91"/><wire x1="113.03" y1="93.98" x2="82.55" y2="93.98" width="0" layer="91"/></segment></net><net name="13" class="0"><segment><pinref part="Ccomp" pin="1@1" gate="1"/><pinref part="Rcomp" pin="2@2" gate="1"/><wire x1="100.33" y1="76.2" x2="100.33" y2="76.2" width="0" layer="91"/></segment></net></nets></sheet></sheets></schematic></drawing></eagle>
