<eagle version="6.4"><drawing><settings><setting alwaysvectorfont="no" verticaltext="up"/></settings><grid altunit="inch" altunitdist="inch" altdistance="0.025" display="no" multiple="1" style="lines" unit="inch" unitdist="inch" distance="0.05"/><layers><layer active="yes" visible="yes" fill="1" color="1" name="Reference" number="49"/><layer active="yes" visible="yes" fill="1" color="6" name="tPlace" number="25"/><layer active="yes" visible="yes" fill="1" color="2" name="tDocu" number="21"/><layer active="yes" visible="yes" fill="1" color="2" name="tCream" number="31"/><layer active="yes" visible="yes" fill="1" color="4" name="TOP" number="1"/><layer active="yes" visible="yes" fill="1" color="15" name="tStop" number="29"/><layer active="yes" visible="yes" fill="1" color="1" name="BOTTOM" number="16"/><layer active="yes" visible="yes" fill="1" color="7" name="bStop" number="30"/><layer active="yes" visible="yes" fill="1" color="7" name="bCream" number="32"/><layer active="yes" visible="yes" fill="1" color="3" name="bDocu" number="22"/><layer active="yes" visible="yes" fill="1" color="3" name="bPlace" number="26"/><layer active="yes" visible="yes" fill="1" color="5" name="Holes" number="45"/><layer active="yes" visible="yes" fill="1" color="5" name="Info" number="97"/><layer active="yes" visible="yes" fill="1" color="5" name="Guide" number="98"/><layer active="yes" visible="yes" fill="1" color="4" name="tValues" number="27"/><layer active="yes" visible="yes" fill="1" color="4" name="bValues" number="28"/><layer active="yes" visible="yes" fill="1" color="4" name="INTERNAL1" number="2"/><layer active="yes" visible="yes" fill="1" color="6" name="INTERNAL2" number="3"/><layer active="yes" visible="yes" fill="1" color="5" name="INTERNAL3" number="4"/><layer active="yes" visible="yes" fill="1" color="5" name="INTERNAL4" number="5"/><layer active="yes" visible="yes" fill="1" color="1" name="INTERNAL5" number="6"/><layer active="yes" visible="yes" fill="1" color="1" name="INTERNAL6" number="7"/><layer active="yes" visible="yes" fill="1" color="1" name="INTERNAL7" number="8"/><layer active="yes" visible="yes" fill="1" color="1" name="INTERNAL8" number="9"/><layer active="yes" visible="yes" fill="1" color="2" name="Values" number="96"/><layer active="yes" visible="yes" fill="1" color="1" name="FAB" number="49"/><layer active="yes" visible="yes" fill="1" color="1" name="ASSEMBLY_DETAIL" number="49"/><layer active="yes" visible="yes" fill="1" color="1" name="BOARD_OUTLINE" number="49"/><layer active="yes" visible="yes" fill="1" color="1" name="CopyRight" number="49"/><layer active="yes" visible="yes" fill="1" color="1" name="BRDOUT" number="20"/><layer active="yes" visible="yes" fill="1" color="1" name="NOTES" number="48"/><layer active="yes" visible="yes" fill="1" color="1" name="ASSYNOTES" number="21"/><layer active="yes" visible="yes" fill="1" color="1" name="STACKUP" number="46"/></layers><board><plain><wire layer="49" width="0.0254" y2="62.23" x2="25.4" y1="25.4" x1="25.4"/><wire layer="49" width="0.1016" y2="62.23" x2="25.4" y1="25.4" x1="25.4"/><wire layer="49" width="0.0254" y2="62.23" x2="90.17" y1="62.23" x1="25.4"/><wire layer="49" width="0.1016" y2="62.23" x2="90.17" y1="62.23" x1="25.4"/><wire layer="49" width="0.0254" y2="25.4" x2="90.17" y1="62.23" x1="90.17"/><wire layer="49" width="0.1016" y2="25.4" x2="90.17" y1="62.23" x1="90.17"/><wire layer="49" width="0.0254" y2="25.4" x2="25.4" y1="25.4" x1="90.17"/><wire layer="49" width="0.1016" y2="25.4" x2="25.4" y1="25.4" x1="90.17"/><text align="bottom-left" layer="21" size="1.778" y="44.5516" x="49.1236">Cinx</text></plain><libraries><library name="ultra-librarian"><packages><package name="0603"><smd layer="1" dx="0.6604" dy="0.9652" y="0" x="-0.6985" name="1"/><smd layer="1" dx="0.6604" dy="0.9652" y="0" x="0.6985" name="2"/><wire layer="25" width="0" y2="0.4826" x2="-0.3683" y1="-0.4826" x1="-0.3683"/><wire layer="25" width="0" y2="0.4826" x2="-0.8763" y1="0.4826" x1="-0.3683"/><wire layer="25" width="0" y2="-0.4826" x2="-0.8763" y1="0.4826" x1="-0.8763"/><wire layer="25" width="0" y2="-0.4826" x2="-0.3683" y1="-0.4826" x1="-0.8763"/><wire layer="25" width="0" y2="-0.4826" x2="0.3683" y1="0.4826" x1="0.3683"/><wire layer="25" width="0" y2="-0.4826" x2="0.8763" y1="-0.4826" x1="0.3683"/><wire layer="25" width="0" y2="0.4826" x2="0.8763" y1="-0.4826" x1="0.8763"/><wire layer="25" width="0" y2="0.4826" x2="0.3683" y1="0.4826" x1="0.8763"/><wire layer="25" width="0" y2="-0.4826" x2="0.8763" y1="-0.4826" x1="-0.8763"/><wire layer="25" width="0" y2="0.4826" x2="0.8763" y1="-0.4826" x1="0.8763"/><wire layer="25" width="0" y2="0.4826" x2="-0.8763" y1="0.4826" x1="0.8763"/><wire layer="25" width="0" y2="-0.4826" x2="-0.8763" y1="0.4826" x1="-0.8763"/></package><package name="YFF0012AFAF"><smd layer="1" dx="0.2301" dy="0.2301" y="0.5999" x="-0.4" name="1"/><smd layer="1" dx="0.2301" dy="0.2301" y="0.5999" x="0" name="2"/><smd layer="1" dx="0.2301" dy="0.2301" y="0.5999" x="0.4" name="3"/><smd layer="1" dx="0.2301" dy="0.2301" y="0.1999" x="-0.4" name="4"/><smd layer="1" dx="0.2301" dy="0.2301" y="0.1999" x="0" name="5"/><smd layer="1" dx="0.2301" dy="0.2301" y="0.1999" x="0.4" name="6"/><smd layer="1" dx="0.2301" dy="0.2301" y="-0.1999" x="-0.4" name="7"/><smd layer="1" dx="0.2301" dy="0.2301" y="-0.1999" x="0" name="8"/><smd layer="1" dx="0.2301" dy="0.2301" y="-0.1999" x="0.4" name="9"/><smd layer="1" dx="0.2301" dy="0.2301" y="-0.5999" x="-0.4" name="10"/><smd layer="1" dx="0.2301" dy="0.2301" y="-0.5999" x="0" name="11"/><smd layer="1" dx="0.2301" dy="0.2301" y="-0.5999" x="0.4" name="12"/><wire layer="25" width="0.0599" y2="0.858" x2="-0.6581" y1="-0.858" x1="-0.6581"/><wire layer="25" width="0.0599" y2="0.858" x2="0.6581" y1="-0.858" x1="0.6581"/><wire layer="25" width="0.0599" y2="-0.858" x2="0.6581" y1="-0.858" x1="-0.6581"/><wire layer="25" width="0.0599" y2="0.858" x2="0.6581" y1="0.858" x1="-0.6581"/><circle layer="25" width="0.1016" radius="0.08" y="0.5999" x="-0.4"/><circle layer="21" width="0.1016" radius="0.1001" y="0.5999" x="-0.875"/></package><package name="0402"><smd layer="1" dx="0.5588" dy="0.6096" y="0" x="-0.4191" name="1"/><smd layer="1" dx="0.5588" dy="0.6096" y="0" x="0.4191" name="2"/><wire layer="25" width="0" y2="0.3048" x2="-0.1397" y1="-0.3048" x1="-0.1397"/><wire layer="25" width="0" y2="0.3048" x2="-0.5461" y1="0.3048" x1="-0.1397"/><wire layer="25" width="0" y2="-0.3048" x2="-0.5461" y1="0.3048" x1="-0.5461"/><wire layer="25" width="0" y2="-0.3048" x2="-0.1397" y1="-0.3048" x1="-0.5461"/><wire layer="25" width="0" y2="-0.3048" x2="0.1397" y1="0.3048" x1="0.1397"/><wire layer="25" width="0" y2="-0.3048" x2="0.5461" y1="-0.3048" x1="0.1397"/><wire layer="25" width="0" y2="0.3048" x2="0.5461" y1="-0.3048" x1="0.5461"/><wire layer="25" width="0" y2="0.3048" x2="0.1397" y1="0.3048" x1="0.5461"/><wire layer="25" width="0" y2="-0.3048" x2="0.5461" y1="-0.3048" x1="-0.5461"/><wire layer="25" width="0" y2="0.3048" x2="0.5461" y1="-0.3048" x1="0.5461"/><wire layer="25" width="0" y2="0.3048" x2="-0.5461" y1="0.3048" x1="0.5461"/><wire layer="25" width="0" y2="-0.3048" x2="-0.5461" y1="0.3048" x1="-0.5461"/></package><package name="1008"><smd layer="1" dx="1.1684" dy="2.2098" y="0" x="-1.1176" name="1"/><smd layer="1" dx="1.1684" dy="2.2098" y="0" x="1.1176" name="2"/><wire layer="25" width="0" y2="1.1049" x2="-0.5334" y1="-1.1049" x1="-0.5334"/><wire layer="25" width="0" y2="1.1049" x2="-1.3462" y1="1.1049" x1="-0.5334"/><wire layer="25" width="0" y2="-1.1049" x2="-1.3462" y1="1.1049" x1="-1.3462"/><wire layer="25" width="0" y2="-1.1049" x2="-0.5334" y1="-1.1049" x1="-1.3462"/><wire layer="25" width="0" y2="-1.1049" x2="0.5334" y1="1.1049" x1="0.5334"/><wire layer="25" width="0" y2="-1.1049" x2="1.3462" y1="-1.1049" x1="0.5334"/><wire layer="25" width="0" y2="1.1049" x2="1.3462" y1="-1.1049" x1="1.3462"/><wire layer="25" width="0" y2="1.1049" x2="0.5334" y1="1.1049" x1="1.3462"/><wire layer="21" width="0.1524" y2="-1.1049" x2="0.2007" y1="-1.1049" x1="-0.2007"/><wire layer="21" width="0.1524" y2="1.1049" x2="-0.2007" y1="1.1049" x1="0.2007"/><wire layer="25" width="0" y2="-1.1049" x2="1.3462" y1="-1.1049" x1="-1.3462"/><wire layer="25" width="0" y2="1.1049" x2="1.3462" y1="-1.1049" x1="1.3462"/><wire layer="25" width="0" y2="1.1049" x2="-1.3462" y1="1.1049" x1="1.3462"/><wire layer="25" width="0" y2="-1.1049" x2="-1.3462" y1="1.1049" x1="-1.3462"/></package><package name="TP-1502"><pad shape="round" drill="0.8128" y="0" x="0" name="1"/></package><package name="CL10A106MQ8NNNC"><smd layer="1" dx="0.6604" dy="0.9652" y="0" x="-0.6985" name="1"/><smd layer="1" dx="0.6604" dy="0.9652" y="0" x="0.6985" name="2"/><wire layer="25" width="0" y2="0.4826" x2="-0.3683" y1="-0.4826" x1="-0.3683"/><wire layer="25" width="0" y2="0.4826" x2="-0.8763" y1="0.4826" x1="-0.3683"/><wire layer="25" width="0" y2="-0.4826" x2="-0.8763" y1="0.4826" x1="-0.8763"/><wire layer="25" width="0" y2="-0.4826" x2="-0.3683" y1="-0.4826" x1="-0.8763"/><wire layer="25" width="0" y2="-0.4826" x2="0.3683" y1="0.4826" x1="0.3683"/><wire layer="25" width="0" y2="-0.4826" x2="0.8763" y1="-0.4826" x1="0.3683"/><wire layer="25" width="0" y2="0.4826" x2="0.8763" y1="-0.4826" x1="0.8763"/><wire layer="25" width="0" y2="0.4826" x2="0.3683" y1="0.4826" x1="0.8763"/><wire layer="25" width="0" y2="-0.4826" x2="0.8763" y1="-0.4826" x1="-0.8763"/><wire layer="25" width="0" y2="0.4826" x2="0.8763" y1="-0.4826" x1="0.8763"/><wire layer="25" width="0" y2="0.4826" x2="-0.8763" y1="0.4826" x1="0.8763"/><wire layer="25" width="0" y2="-0.4826" x2="-0.8763" y1="0.4826" x1="-0.8763"/></package><package name="CRCW0603100KFKEA"><smd layer="1" dx="0.6604" dy="0.9652" y="0" x="-0.6985" name="1"/><smd layer="1" dx="0.6604" dy="0.9652" y="0" x="0.6985" name="2"/><wire layer="25" width="0" y2="0.4826" x2="-0.3683" y1="-0.4826" x1="-0.3683"/><wire layer="25" width="0" y2="0.4826" x2="-0.8763" y1="0.4826" x1="-0.3683"/><wire layer="25" width="0" y2="-0.4826" x2="-0.8763" y1="0.4826" x1="-0.8763"/><wire layer="25" width="0" y2="-0.4826" x2="-0.3683" y1="-0.4826" x1="-0.8763"/><wire layer="25" width="0" y2="-0.4826" x2="0.3683" y1="0.4826" x1="0.3683"/><wire layer="25" width="0" y2="-0.4826" x2="0.8763" y1="-0.4826" x1="0.3683"/><wire layer="25" width="0" y2="0.4826" x2="0.8763" y1="-0.4826" x1="0.8763"/><wire layer="25" width="0" y2="0.4826" x2="0.3683" y1="0.4826" x1="0.8763"/><wire layer="25" width="0" y2="-0.4826" x2="0.8763" y1="-0.4826" x1="-0.8763"/><wire layer="25" width="0" y2="0.4826" x2="0.8763" y1="-0.4826" x1="0.8763"/><wire layer="25" width="0" y2="0.4826" x2="-0.8763" y1="0.4826" x1="0.8763"/><wire layer="25" width="0" y2="-0.4826" x2="-0.8763" y1="0.4826" x1="-0.8763"/></package><package name="GRM155R61A102KA01D"><smd layer="1" dx="0.5588" dy="0.6096" y="0" x="-0.4191" name="1"/><smd layer="1" dx="0.5588" dy="0.6096" y="0" x="0.4191" name="2"/><wire layer="25" width="0" y2="0.3048" x2="-0.1397" y1="-0.3048" x1="-0.1397"/><wire layer="25" width="0" y2="0.3048" x2="-0.5461" y1="0.3048" x1="-0.1397"/><wire layer="25" width="0" y2="-0.3048" x2="-0.5461" y1="0.3048" x1="-0.5461"/><wire layer="25" width="0" y2="-0.3048" x2="-0.1397" y1="-0.3048" x1="-0.5461"/><wire layer="25" width="0" y2="-0.3048" x2="0.1397" y1="0.3048" x1="0.1397"/><wire layer="25" width="0" y2="-0.3048" x2="0.5461" y1="-0.3048" x1="0.1397"/><wire layer="25" width="0" y2="0.3048" x2="0.5461" y1="-0.3048" x1="0.5461"/><wire layer="25" width="0" y2="0.3048" x2="0.1397" y1="0.3048" x1="0.5461"/><wire layer="25" width="0" y2="-0.3048" x2="0.5461" y1="-0.3048" x1="-0.5461"/><wire layer="25" width="0" y2="0.3048" x2="0.5461" y1="-0.3048" x1="0.5461"/><wire layer="25" width="0" y2="0.3048" x2="-0.5461" y1="0.3048" x1="0.5461"/><wire layer="25" width="0" y2="-0.3048" x2="-0.5461" y1="0.3048" x1="-0.5461"/></package></packages></library></libraries><designrules name="custom"><param name="layerSetup" value="((1*2)+(15*16))"/></designrules><elements><element rot="SR180" y="41.8084" x="59.1058" value="" package="0603" library="ultra-librarian" name="Coutx"><attribute align="bottom-left" display="value" layer="51" size="1.778" y="36.2458" x="60.0456" value="Coutx" name="RefDes"/><attribute align="bottom-left" display="off" layer="51" size="1.778" y="36.2458" x="60.0456" value="CL10A106MQ8NNNC" name="Type"/></element><element y="41.9608" x="55.7784" value="" package="0603" library="ultra-librarian" name="Cin"><attribute align="bottom-left" display="value" layer="51" size="1.778" y="41.148" x="51.689" value="Cin" name="RefDes"/><attribute align="bottom-left" display="off" layer="51" size="1.778" y="41.148" x="51.689" value="LMK107BBJ106MAHT" name="Type"/></element><element rot="R90" y="43.688" x="57.5564" value="" package="YFF0012AFAF" library="ultra-librarian" name="U1"><attribute align="bottom-left" display="value" rot="R90" layer="51" size="1.778" y="42.799" x="55.6768" value="U1" name="RefDes"/><attribute align="bottom-left" display="off" rot="R90" layer="51" size="1.778" y="42.799" x="55.6768" value="TPS63051YFFR" name="Type"/></element><element rot="SR270" y="41.2242" x="61.9252" value="" package="0603" library="ultra-librarian" name="Cout"><attribute align="bottom-left" display="value" layer="51" size="1.778" y="43.7642" x="66.3702" value="Cout" name="RefDes"/><attribute align="bottom-left" display="off" layer="51" size="1.778" y="43.7642" x="66.3702" value="CL10A106MQ8NNNC" name="Type"/></element><element y="52.4256" x="61.3156" value="" package="0402" library="ultra-librarian" name="Rpfm"><attribute align="bottom-left" display="value" layer="51" size="1.778" y="51.943" x="64.008" value="Rpfm" name="RefDes"/><attribute align="bottom-left" display="off" layer="51" size="1.778" y="51.943" x="64.008" value="CRCW0402100KFKED" name="Type"/></element><element rot="SR180" y="53.6956" x="61.3156" value="" package="0402" library="ultra-librarian" name="Rpwm"><attribute align="bottom-left" display="value" layer="51" size="1.778" y="53.4924" x="64.0334" value="Rpwm" name="RefDes"/><attribute align="bottom-left" display="off" layer="51" size="1.778" y="53.4924" x="64.0334" value="CRCW0402100KFKED" name="Type"/></element><element rot="SR180" y="55.499" x="58.8264" value="" package="0603" library="ultra-librarian" name="Rpg"><attribute align="bottom-left" display="value" layer="51" size="1.778" y="55.6768" x="63.8048" value="Rpg" name="RefDes"/><attribute align="bottom-left" display="off" layer="51" size="1.778" y="55.6768" x="63.8048" value="CRCW0603100KFKEA" name="Type"/></element><element rot="SR180" y="39.878" x="57.4548" value="" package="1008" library="ultra-librarian" name="L1"><attribute align="bottom-left" display="value" layer="51" size="1.778" y="38.3286" x="52.197" value="L1" name="RefDes"/><attribute align="bottom-left" display="off" layer="51" size="1.778" y="38.3286" x="52.197" value="LQM2HPN1R5MG0L" name="Type"/></element><element y="50.038" x="60.706" value="" package="0402" library="ultra-librarian" name="Css"><attribute align="bottom-left" display="value" layer="51" size="1.778" y="49.6316" x="63.6016" value="Css" name="RefDes"/><attribute align="bottom-left" display="off" layer="51" size="1.778" y="49.6316" x="63.6016" value="GRM155R61A102KA01D" name="Type"/></element><element y="37.5666" x="29.4386" value="" package="TP-1502" library="ultra-librarian" name="GND1"><attribute align="bottom-left" display="value" layer="51" size="1.778" y="33.528" x="27.94" value="GND1" name="RefDes"/><attribute align="bottom-left" display="off" layer="51" size="1.778" y="33.528" x="27.94" value="TP-1502" name="Type"/></element><element y="37.5666" x="86.36" value="" package="TP-1502" library="ultra-librarian" name="GND2"><attribute align="bottom-left" display="value" layer="51" size="1.778" y="33.401" x="84.836" value="GND2" name="RefDes"/><attribute align="bottom-left" display="off" layer="51" size="1.778" y="33.401" x="84.836" value="TP-1502" name="Type"/></element><element y="49.3776" x="29.4386" value="" package="TP-1502" library="ultra-librarian" name="VIN"><attribute align="bottom-left" display="value" layer="51" size="1.778" y="52.07" x="28.575" value="VIN" name="RefDes"/><attribute align="bottom-left" display="off" layer="51" size="1.778" y="52.07" x="28.575" value="TP-1502" name="Type"/></element><element y="49.4284" x="86.36" value="" package="TP-1502" library="ultra-librarian" name="VOUT"><attribute align="bottom-left" display="value" layer="51" size="1.778" y="52.832" x="84.1502" value="VOUT" name="RefDes"/><attribute align="bottom-left" display="off" layer="51" size="1.778" y="52.832" x="84.1502" value="TP-1502" name="Type"/></element></elements><signals><signal name="2"><wire layer="1" width="0.2032" y2="44.069" x2="57.3786" y1="44.0944" x1="57.3786"/><wire layer="1" width="0.2032" y2="43.688" x2="57.3786" y1="44.069" x1="57.3786"/><wire layer="1" width="0.2032" y2="43.688" x2="56.9722" y1="43.688" x1="55.2958"/><wire layer="1" width="0.2032" y2="43.2308" x2="54.8386" y1="41.8592" x1="54.8386"/><wire layer="1" width="0.2032" y2="43.688" x2="55.2958" y1="43.2308" x1="54.8386"/><wire layer="1" width="0.2032" y2="44.0944" x2="56.9722" y1="44.0944" x1="56.6928"/><wire layer="1" width="0.254" y2="44.0944" x2="56.6928" y1="44.7802" x1="56.007"/><wire layer="1" width="0.3556" y2="44.7802" x2="56.007" y1="44.7802" x1="52.8828"/><wire layer="1" width="0.2032" y2="43.688" x2="57.3786" y1="43.688" x1="56.9722"/><wire layer="1" width="0.2032" y2="43.7134" x2="56.9976" y1="43.688" x1="56.9722"/><wire layer="1" width="0.2032" y2="43.688" x2="56.9722" y1="43.688" x1="56.9214"/><wire layer="1" width="0.254" y2="53.721" x2="63.246" y1="53.721" x1="61.849"/><wire layer="1" width="0.2032" y2="44.0944" x2="56.9722" y1="44.069" x1="56.9722"/><wire layer="1" width="0.2032" y2="44.069" x2="56.9722" y1="44.0944" x1="56.9722"/><wire layer="1" width="0.2032" y2="44.0944" x2="57.3786" y1="44.0944" x1="56.9722"/><wire layer="1" width="0.254" y2="44.7802" x2="53.213" y1="44.7802" x1="52.5526"/><wire layer="1" width="0.254" y2="53.7083" x2="61.9252" y1="53.7083" x1="61.6966"/><polygon spacing="0.254" layer="1" width="0"><vertex y="43.688" x="57.0738"/><vertex y="43.688" x="57.0738"/><vertex y="43.7134" x="57.0738"/><vertex y="43.7388" x="57.0484"/><vertex y="43.7388" x="57.0484"/><vertex y="43.7642" x="57.023"/><vertex y="43.7642" x="57.023"/><vertex y="43.7896" x="56.9976"/><vertex y="43.7896" x="56.9722"/><vertex y="43.7896" x="56.9722"/><vertex y="43.7896" x="56.9468"/><vertex y="43.7896" x="56.9214"/><vertex y="43.7642" x="56.896"/><vertex y="43.7642" x="56.896"/><vertex y="43.7388" x="56.8706"/><vertex y="43.7388" x="56.8706"/><vertex y="43.7134" x="56.8452"/><vertex y="43.688" x="56.8452"/><vertex y="43.688" x="56.8452"/><vertex y="43.6626" x="56.8452"/><vertex y="43.6372" x="56.8452"/><vertex y="43.6118" x="56.8706"/><vertex y="43.6118" x="56.8706"/><vertex y="43.5864" x="56.896"/><vertex y="43.5864" x="56.896"/><vertex y="43.561" x="56.9214"/><vertex y="43.561" x="56.9468"/><vertex y="43.561" x="56.9722"/><vertex y="43.561" x="56.9722"/><vertex y="43.561" x="56.9976"/><vertex y="43.5864" x="57.023"/><vertex y="43.5864" x="57.023"/><vertex y="43.6118" x="57.0484"/><vertex y="43.6118" x="57.0484"/><vertex y="43.6372" x="57.0738"/><vertex y="43.6626" x="57.0738"/><vertex y="43.688" x="57.0738"/></polygon><polygon spacing="0.254" layer="1" width="0" rank="2"><vertex y="43.688" x="57.4802"/><vertex y="43.688" x="57.4802"/><vertex y="43.7134" x="57.4802"/><vertex y="43.7388" x="57.4548"/><vertex y="43.7388" x="57.4548"/><vertex y="43.7642" x="57.4294"/><vertex y="43.7642" x="57.4294"/><vertex y="43.7896" x="57.404"/><vertex y="43.7896" x="57.3786"/><vertex y="43.7896" x="57.3786"/><vertex y="43.7896" x="57.3532"/><vertex y="43.7896" x="57.3278"/><vertex y="43.7642" x="57.3024"/><vertex y="43.7642" x="57.3024"/><vertex y="43.7388" x="57.277"/><vertex y="43.7388" x="57.277"/><vertex y="43.7134" x="57.2516"/><vertex y="43.688" x="57.2516"/><vertex y="43.688" x="57.2516"/><vertex y="43.6626" x="57.2516"/><vertex y="43.6372" x="57.2516"/><vertex y="43.6118" x="57.277"/><vertex y="43.6118" x="57.277"/><vertex y="43.5864" x="57.3024"/><vertex y="43.5864" x="57.3024"/><vertex y="43.561" x="57.3278"/><vertex y="43.561" x="57.3532"/><vertex y="43.561" x="57.3786"/><vertex y="43.561" x="57.3786"/><vertex y="43.561" x="57.404"/><vertex y="43.5864" x="57.4294"/><vertex y="43.5864" x="57.4294"/><vertex y="43.6118" x="57.4548"/><vertex y="43.6118" x="57.4548"/><vertex y="43.6372" x="57.4802"/><vertex y="43.6626" x="57.4802"/><vertex y="43.688" x="57.4802"/></polygon><polygon spacing="0.254" layer="1" width="0" rank="2"><vertex y="44.069" x="57.4802"/><vertex y="44.069" x="57.4802"/><vertex y="44.0944" x="57.4802"/><vertex y="44.1198" x="57.4548"/><vertex y="44.1198" x="57.4548"/><vertex y="44.1452" x="57.4294"/><vertex y="44.1452" x="57.4294"/><vertex y="44.1706" x="57.404"/><vertex y="44.1706" x="57.3786"/><vertex y="44.1706" x="57.3786"/><vertex y="44.1706" x="57.3532"/><vertex y="44.1706" x="57.3278"/><vertex y="44.1452" x="57.3024"/><vertex y="44.1452" x="57.3024"/><vertex y="44.1198" x="57.277"/><vertex y="44.1198" x="57.277"/><vertex y="44.0944" x="57.2516"/><vertex y="44.069" x="57.2516"/><vertex y="44.069" x="57.2516"/><vertex y="44.0436" x="57.2516"/><vertex y="44.0182" x="57.2516"/><vertex y="43.9928" x="57.277"/><vertex y="43.9928" x="57.277"/><vertex y="43.9674" x="57.3024"/><vertex y="43.9674" x="57.3024"/><vertex y="43.942" x="57.3278"/><vertex y="43.942" x="57.3532"/><vertex y="43.942" x="57.3786"/><vertex y="43.942" x="57.3786"/><vertex y="43.942" x="57.404"/><vertex y="43.9674" x="57.4294"/><vertex y="43.9674" x="57.4294"/><vertex y="43.9928" x="57.4548"/><vertex y="43.9928" x="57.4548"/><vertex y="44.0182" x="57.4802"/><vertex y="44.0436" x="57.4802"/><vertex y="44.069" x="57.4802"/></polygon><polygon spacing="0.254" layer="1" width="0" rank="4"><vertex y="44.323" x="53.975"/><vertex y="41.3258" x="53.975"/><vertex y="41.3258" x="55.3466"/><vertex y="43.5864" x="55.3466"/><vertex y="43.5864" x="57.1754"/><vertex y="44.323" x="57.1754"/></polygon><polygon spacing="0.254" layer="1" width="0" rank="4"><vertex y="53.975" x="26.416"/><vertex y="53.975" x="57.15"/><vertex y="44.323" x="57.15"/><vertex y="44.323" x="26.416"/></polygon><wire layer="16" width="0.254" y2="53.3908" x2="52.7558" y1="53.3654" x1="52.7558"/><wire layer="16" width="0.254" y2="54.229" x2="53.594" y1="53.3908" x1="52.7558"/><wire layer="16" width="0.254" y2="54.229" x2="62.738" y1="54.229" x1="53.594"/><wire layer="16" width="0.254" y2="53.721" x2="63.246" y1="54.229" x1="62.738"/><via shape="round" drill="0.254" diameter="0.5588" extent="1-16" y="53.3908" x="52.7558"/><via shape="round" drill="0.254" diameter="0.5588" extent="1-16" y="53.721" x="63.246"/><via shape="round" drill="2.4892" diameter="3.4798" extent="1-16" y="49.403" x="29.464"/><contactref pad="1" element="Cin"/><contactref pad="2" element="U1"/><contactref pad="3" element="U1"/><contactref pad="5" element="U1"/><contactref pad="6" element="U1"/><contactref pad="1" element="Rpwm"/><contactref pad="1" element="VIN"/></signal><signal name="8"><wire layer="1" width="0.254" y2="55.5244" x2="57.785" y1="55.499" x1="57.7596"/><wire layer="1" width="0.254" y2="55.499" x2="57.7596" y1="44.069" x1="57.7596"/><wire layer="1" width="0.254" y2="57.277" x2="57.785" y1="55.5244" x1="57.785"/><polygon spacing="0.254" layer="1" width="0" rank="2"><vertex y="44.069" x="57.8612"/><vertex y="44.069" x="57.8612"/><vertex y="44.0944" x="57.8612"/><vertex y="44.1198" x="57.8358"/><vertex y="44.1198" x="57.8358"/><vertex y="44.1452" x="57.8104"/><vertex y="44.1452" x="57.8104"/><vertex y="44.1706" x="57.785"/><vertex y="44.1706" x="57.7596"/><vertex y="44.1706" x="57.7596"/><vertex y="44.1706" x="57.7342"/><vertex y="44.1706" x="57.7088"/><vertex y="44.1452" x="57.6834"/><vertex y="44.1452" x="57.6834"/><vertex y="44.1198" x="57.658"/><vertex y="44.1198" x="57.658"/><vertex y="44.0944" x="57.6326"/><vertex y="44.069" x="57.6326"/><vertex y="44.069" x="57.6326"/><vertex y="44.0436" x="57.6326"/><vertex y="44.0182" x="57.6326"/><vertex y="43.9928" x="57.658"/><vertex y="43.9928" x="57.658"/><vertex y="43.9674" x="57.6834"/><vertex y="43.9674" x="57.6834"/><vertex y="43.942" x="57.7088"/><vertex y="43.942" x="57.7342"/><vertex y="43.942" x="57.7596"/><vertex y="43.942" x="57.7596"/><vertex y="43.942" x="57.785"/><vertex y="43.9674" x="57.8104"/><vertex y="43.9674" x="57.8104"/><vertex y="43.9928" x="57.8358"/><vertex y="43.9928" x="57.8358"/><vertex y="44.0182" x="57.8612"/><vertex y="44.0436" x="57.8612"/><vertex y="44.069" x="57.8612"/></polygon><via shape="round" drill="0.254" diameter="0.5588" extent="1-16" y="57.277" x="57.785"/><contactref pad="9" element="U1"/><contactref pad="2" element="Rpg"/></signal><signal name="4"><wire layer="1" width="0.2032" y2="42.6212" x2="65.2272" y1="42.6212" x1="62.4332"/><wire layer="1" width="0.2032" y2="43.434" x2="66.04" y1="42.6212" x1="65.2272"/><wire layer="1" width="0.2032" y2="42.6212" x2="62.4332" y1="43.2816" x1="61.7474"/><wire layer="1" width="0.254" y2="43.2816" x2="60.0202" y1="41.8338" x1="60.0202"/><wire layer="1" width="0.2032" y2="43.2816" x2="61.7474" y1="43.2816" x1="60.0202"/><wire layer="1" width="0.2032" y2="43.2816" x2="60.0202" y1="43.2816" x1="58.166"/><wire layer="1" width="0.254" y2="55.499" x2="61.849" y1="55.499" x1="59.8424"/><wire layer="1" width="0.254" y2="55.118" x2="62.23" y1="55.499" x1="61.849"/><wire layer="1" width="0.254" y2="54.483" x2="66.04" y1="55.118" x1="65.405"/><wire layer="1" width="0.254" y2="55.118" x2="65.405" y1="55.118" x1="62.23"/><wire layer="1" width="0.254" y2="54.483" x2="66.04" y1="43.434" x1="66.04"/><wire layer="1" width="0.254" y2="43.688" x2="58.6232" y1="43.688" x1="58.166"/><wire layer="1" width="0.254" y2="44.1706" x2="59.1058" y1="43.688" x1="58.6232"/><wire layer="1" width="0.254" y2="43.7134" x2="62.4332" y1="42.6212" x1="62.4332"/><wire layer="1" width="0.254" y2="43.7134" x2="62.4332" y1="44.1706" x1="61.976"/><wire layer="1" width="0.254" y2="44.1706" x2="61.976" y1="44.1706" x1="59.1058"/><polygon spacing="0.254" layer="1" width="0"><vertex y="43.2816" x="58.2676"/><vertex y="43.2816" x="58.2676"/><vertex y="43.307" x="58.2676"/><vertex y="43.3324" x="58.2422"/><vertex y="43.3324" x="58.2422"/><vertex y="43.3578" x="58.2168"/><vertex y="43.3578" x="58.2168"/><vertex y="43.3832" x="58.1914"/><vertex y="43.3832" x="58.166"/><vertex y="43.3832" x="58.166"/><vertex y="43.3832" x="58.1406"/><vertex y="43.3832" x="58.1152"/><vertex y="43.3578" x="58.0898"/><vertex y="43.3578" x="58.0898"/><vertex y="43.3324" x="58.0644"/><vertex y="43.3324" x="58.0644"/><vertex y="43.307" x="58.039"/><vertex y="43.2816" x="58.039"/><vertex y="43.2816" x="58.039"/><vertex y="43.2562" x="58.039"/><vertex y="43.2308" x="58.039"/><vertex y="43.2054" x="58.0644"/><vertex y="43.2054" x="58.0644"/><vertex y="43.18" x="58.0898"/><vertex y="43.18" x="58.0898"/><vertex y="43.1546" x="58.1152"/><vertex y="43.1546" x="58.1406"/><vertex y="43.1546" x="58.166"/><vertex y="43.1546" x="58.166"/><vertex y="43.1546" x="58.1914"/><vertex y="43.18" x="58.2168"/><vertex y="43.18" x="58.2168"/><vertex y="43.2054" x="58.2422"/><vertex y="43.2054" x="58.2422"/><vertex y="43.2308" x="58.2676"/><vertex y="43.2562" x="58.2676"/><vertex y="43.2816" x="58.2676"/></polygon><polygon spacing="0.254" layer="1" width="0" rank="2"><vertex y="43.688" x="58.2676"/><vertex y="43.688" x="58.2676"/><vertex y="43.7134" x="58.2676"/><vertex y="43.7388" x="58.2422"/><vertex y="43.7388" x="58.2422"/><vertex y="43.7642" x="58.2168"/><vertex y="43.7642" x="58.2168"/><vertex y="43.7896" x="58.1914"/><vertex y="43.7896" x="58.166"/><vertex y="43.7896" x="58.166"/><vertex y="43.7896" x="58.1406"/><vertex y="43.7896" x="58.1152"/><vertex y="43.7642" x="58.0898"/><vertex y="43.7642" x="58.0898"/><vertex y="43.7388" x="58.0644"/><vertex y="43.7388" x="58.0644"/><vertex y="43.7134" x="58.039"/><vertex y="43.688" x="58.039"/><vertex y="43.688" x="58.039"/><vertex y="43.6626" x="58.039"/><vertex y="43.6372" x="58.039"/><vertex y="43.6118" x="58.0644"/><vertex y="43.6118" x="58.0644"/><vertex y="43.5864" x="58.0898"/><vertex y="43.5864" x="58.0898"/><vertex y="43.561" x="58.1152"/><vertex y="43.561" x="58.1406"/><vertex y="43.561" x="58.166"/><vertex y="43.561" x="58.166"/><vertex y="43.561" x="58.1914"/><vertex y="43.5864" x="58.2168"/><vertex y="43.5864" x="58.2168"/><vertex y="43.6118" x="58.2422"/><vertex y="43.6118" x="58.2422"/><vertex y="43.6372" x="58.2676"/><vertex y="43.6626" x="58.2676"/><vertex y="43.688" x="58.2676"/></polygon><polygon spacing="0.254" layer="1" width="0" rank="3"><vertex y="41.3258" x="59.6392"/><vertex y="42.3418" x="59.6392"/><vertex y="42.3418" x="60.4012"/><vertex y="41.3258" x="60.4012"/></polygon><polygon spacing="0.254" layer="1" width="0" rank="4"><vertex y="44.45" x="59.6392"/><vertex y="44.45" x="65.278"/><vertex y="41.4528" x="65.278"/><vertex y="41.4528" x="59.6392"/></polygon><polygon spacing="0.254" layer="1" width="0" rank="4"><vertex y="41.4528" x="65.278"/><vertex y="54.61" x="65.278"/><vertex y="54.61" x="89.535"/><vertex y="41.4528" x="89.535"/></polygon><polygon spacing="0.254" layer="1" width="0" rank="5"><vertex y="43.3832" x="59.2328"/><vertex y="43.3832" x="59.6392"/><vertex y="43.815" x="59.6392"/><vertex y="43.815" x="59.2328"/></polygon><via shape="round" drill="2.4892" diameter="3.4798" extent="1-16" y="49.4284" x="86.36"/><contactref pad="1" element="Coutx"/><contactref pad="10" element="U1"/><contactref pad="11" element="U1"/><contactref pad="1" element="Cout"/><contactref pad="1" element="Rpg"/><contactref pad="1" element="VOUT"/></signal><signal name="0"><wire layer="1" width="0.1981" y2="43.0022" x2="53.0098" y1="43.0022" x1="52.8828"/><wire layer="1" width="0.1981" y2="43.0022" x2="52.8828" y1="43.0022" x1="50.8254"/><wire layer="1" width="0.1981" y2="43.0022" x2="50.8254" y1="41.3004" x1="50.8254"/><wire layer="1" width="0.1981" y2="37.9222" x2="62.6872" y1="38.1762" x1="62.4332"/><wire layer="1" width="0.1981" y2="39.878" x2="62.4332" y1="38.1762" x1="62.4332"/><wire layer="1" width="0.1981" y2="43.2816" x2="57.3786" y1="42.2402" x1="57.3786"/><wire layer="1" width="0.1981" y2="42.2402" x2="57.404" y1="42.0878" x1="57.404"/><wire layer="1" width="0.1981" y2="42.0878" x2="57.404" y1="41.3512" x1="57.404"/><wire layer="1" width="0.1981" y2="41.8338" x2="58.2422" y1="41.8338" x1="57.8104"/><wire layer="1" width="0.1981" y2="41.8338" x2="57.8104" y1="42.2402" x1="57.404"/><wire layer="1" width="0.1981" y2="41.8592" x2="57.1754" y1="41.8592" x1="56.6166"/><wire layer="1" width="0.1981" y2="42.0878" x2="57.404" y1="41.8592" x1="57.1754"/><wire layer="1" width="0.1981" y2="52.451" x2="63.246" y1="52.451" x1="61.849"/><wire layer="1" width="0.1981" y2="53.721" x2="59.436" y1="52.451" x1="59.436"/><wire layer="1" width="0.1981" y2="52.451" x2="59.436" y1="52.07" x1="59.055"/><wire layer="1" width="0.1981" y2="52.451" x2="60.7314" y1="52.451" x1="59.436"/><wire layer="1" width="0.1981" y2="41.3004" x2="50.8254" y1="41.275" x1="50.8254"/><wire layer="1" width="0.1981" y2="41.3004" x2="50.8254" y1="40.767" x1="50.292"/><wire layer="1" width="0.1981" y2="53.721" x2="60.833" y1="53.721" x1="59.436"/><wire layer="1" width="0.1981" y2="53.721" x2="60.833" y1="53.721" x1="60.833"/><wire layer="1" width="0.1981" y2="50.038" x2="62.611" y1="50.038" x1="61.4426"/><wire layer="1" width="0.254" y2="43.0022" x2="53.213" y1="43.0022" x1="52.5526"/><wire layer="1" width="0.254" y2="50.0253" x2="61.849" y1="50.0253" x1="61.0108"/><wire layer="1" width="0.254" y2="53.7083" x2="60.9346" y1="53.7083" x1="60.706"/><polygon spacing="0.254" layer="1" width="0" rank="5"><vertex y="52.197" x="61.5188"/><vertex y="52.6796" x="61.5188"/><vertex y="52.6796" x="62.103"/><vertex y="52.197" x="62.103"/></polygon><polygon spacing="0.254" layer="1" width="0" rank="5"><vertex y="52.197" x="60.5282"/><vertex y="52.6796" x="60.5282"/><vertex y="52.6796" x="61.1124"/><vertex y="52.197" x="61.1124"/></polygon><polygon spacing="0.254" layer="1" width="0" rank="5"><vertex y="38.7096" x="61.0108"/><vertex y="41.0464" x="61.0108"/><vertex y="41.0464" x="63.8048"/><vertex y="38.7096" x="63.8048"/></polygon><polygon spacing="0.254" layer="1" width="0" rank="6"><vertex y="43.2816" x="57.4802"/><vertex y="43.2816" x="57.4802"/><vertex y="43.307" x="57.4802"/><vertex y="43.3324" x="57.4548"/><vertex y="43.3324" x="57.4548"/><vertex y="43.3578" x="57.4294"/><vertex y="43.3578" x="57.4294"/><vertex y="43.3832" x="57.404"/><vertex y="43.3832" x="57.3786"/><vertex y="43.3832" x="57.3786"/><vertex y="43.3832" x="57.3532"/><vertex y="43.3832" x="57.3278"/><vertex y="43.3578" x="57.3024"/><vertex y="43.3578" x="57.3024"/><vertex y="43.3324" x="57.277"/><vertex y="43.3324" x="57.277"/><vertex y="43.307" x="57.2516"/><vertex y="43.2816" x="57.2516"/><vertex y="43.2816" x="57.2516"/><vertex y="43.2562" x="57.2516"/><vertex y="43.2308" x="57.2516"/><vertex y="43.2054" x="57.277"/><vertex y="43.2054" x="57.277"/><vertex y="43.18" x="57.3024"/><vertex y="43.18" x="57.3024"/><vertex y="43.1546" x="57.3278"/><vertex y="43.1546" x="57.3532"/><vertex y="43.1546" x="57.3786"/><vertex y="43.1546" x="57.3786"/><vertex y="43.1546" x="57.404"/><vertex y="43.18" x="57.4294"/><vertex y="43.18" x="57.4294"/><vertex y="43.2054" x="57.4548"/><vertex y="43.2054" x="57.4548"/><vertex y="43.2308" x="57.4802"/><vertex y="43.2562" x="57.4802"/><vertex y="43.2816" x="57.4802"/></polygon><polygon spacing="0.254" layer="1" width="0" rank="6"><vertex y="43.688" x="57.8612"/><vertex y="43.688" x="57.8612"/><vertex y="43.7134" x="57.8612"/><vertex y="43.7388" x="57.8358"/><vertex y="43.7388" x="57.8358"/><vertex y="43.7642" x="57.8104"/><vertex y="43.7642" x="57.8104"/><vertex y="43.7896" x="57.785"/><vertex y="43.7896" x="57.7596"/><vertex y="43.7896" x="57.7596"/><vertex y="43.7896" x="57.7342"/><vertex y="43.7896" x="57.7088"/><vertex y="43.7642" x="57.6834"/><vertex y="43.7642" x="57.6834"/><vertex y="43.7388" x="57.658"/><vertex y="43.7388" x="57.658"/><vertex y="43.7134" x="57.6326"/><vertex y="43.688" x="57.6326"/><vertex y="43.688" x="57.6326"/><vertex y="43.6626" x="57.6326"/><vertex y="43.6372" x="57.6326"/><vertex y="43.6118" x="57.658"/><vertex y="43.6118" x="57.658"/><vertex y="43.5864" x="57.6834"/><vertex y="43.5864" x="57.6834"/><vertex y="43.561" x="57.7088"/><vertex y="43.561" x="57.7342"/><vertex y="43.561" x="57.7596"/><vertex y="43.561" x="57.7596"/><vertex y="43.561" x="57.785"/><vertex y="43.5864" x="57.8104"/><vertex y="43.5864" x="57.8104"/><vertex y="43.6118" x="57.8358"/><vertex y="43.6118" x="57.8358"/><vertex y="43.6372" x="57.8612"/><vertex y="43.6626" x="57.8612"/><vertex y="43.688" x="57.8612"/></polygon><polygon spacing="0.254" layer="1" width="0" rank="6"><vertex y="42.5196" x="56.2356"/><vertex y="42.5196" x="58.6486"/><vertex y="41.148" x="58.5978"/><vertex y="41.148" x="56.2356"/></polygon><polygon spacing="0.254" layer="1" width="0" rank="6"><vertex y="43.942" x="53.7972"/><vertex y="43.942" x="26.416"/><vertex y="27.94" x="26.416"/><vertex y="27.94" x="89.535"/><vertex y="41.021" x="89.535"/><vertex y="41.021" x="59.944"/><vertex y="33.147" x="59.944"/><vertex y="33.147" x="51.689"/><vertex y="41.148" x="51.689"/><vertex y="41.148" x="53.7972"/></polygon><wire layer="16" width="0.1981" y2="52.07" x2="59.055" y1="52.07" x1="59.055"/><wire layer="16" width="0.1981" y2="52.07" x2="59.055" y1="51.1048" x1="58.0898"/><wire layer="16" width="0.1981" y2="51.1048" x2="58.0898" y1="43.9928" x1="58.0898"/><wire layer="16" width="0.1981" y2="43.9928" x2="58.0898" y1="43.688" x1="57.785"/><polygon spacing="0.254" layer="16" width="0"><vertex y="26.162" x="26.035"/><vertex y="26.162" x="89.535"/><vertex y="61.595" x="89.535"/><vertex y="61.595" x="26.035"/></polygon><via shape="round" drill="0.127" diameter="0.2286" extent="1-16" y="43.688" x="57.785"/><via shape="round" drill="0.254" diameter="0.5588" extent="1-16" y="41.3512" x="57.404"/><via shape="round" drill="0.254" diameter="0.5588" extent="1-16" y="40.767" x="50.292"/><via shape="round" drill="0.254" diameter="0.5588" extent="1-16" y="52.07" x="59.055"/><via shape="round" drill="0.254" diameter="0.5588" extent="1-16" y="37.9222" x="61.1632"/><via shape="round" drill="0.254" diameter="0.5588" extent="1-16" y="37.9222" x="61.9252"/><via shape="round" drill="0.254" diameter="0.5588" extent="1-16" y="37.9222" x="62.6872"/><via shape="round" drill="0.254" diameter="0.5588" extent="1-16" y="37.9222" x="63.4492"/><via shape="round" drill="0.254" diameter="0.5588" extent="1-16" y="37.9222" x="64.2112"/><via shape="round" drill="0.254" diameter="0.5588" extent="1-16" y="37.9222" x="65.7352"/><via shape="round" drill="0.254" diameter="0.5588" extent="1-16" y="50.038" x="62.611"/><via shape="round" drill="0.254" diameter="0.5588" extent="1-16" y="52.451" x="63.246"/><via shape="round" drill="0.254" diameter="0.5588" extent="1-16" y="37.9222" x="64.9732"/><via shape="round" drill="0.254" diameter="0.5588" extent="1-16" y="37.9222" x="44.9072"/><via shape="round" drill="0.254" diameter="0.5588" extent="1-16" y="37.9222" x="45.6692"/><via shape="round" drill="0.254" diameter="0.5588" extent="1-16" y="37.9222" x="46.4312"/><via shape="round" drill="0.254" diameter="0.5588" extent="1-16" y="37.9222" x="47.1932"/><via shape="round" drill="0.254" diameter="0.5588" extent="1-16" y="37.9222" x="47.9552"/><via shape="round" drill="0.254" diameter="0.5588" extent="1-16" y="42.2402" x="57.404"/><via shape="round" drill="2.4892" diameter="3.4798" extent="1-16" y="37.592" x="86.36"/><via shape="round" drill="2.4892" diameter="3.4798" extent="1-16" y="37.592" x="29.464"/><contactref pad="2" element="Coutx"/><contactref pad="2" element="Cin"/><contactref pad="4" element="U1"/><contactref pad="8" element="U1"/><contactref pad="2" element="Cout"/><contactref pad="1" element="Rpfm"/><contactref pad="2" element="Rpfm"/><contactref pad="2" element="Rpwm"/><contactref pad="2" element="Css"/><contactref pad="1" element="GND1"/><contactref pad="1" element="GND2"/></signal><signal name="6"><wire layer="1" width="0.3556" y2="43.2816" x2="56.388" y1="42.6466" x1="55.753"/><wire layer="1" width="0.3556" y2="42.6466" x2="55.753" y1="40.005" x1="55.753"/><wire layer="1" width="0.3556" y2="39.497" x2="56.261" y1="40.005" x1="55.753"/><wire layer="1" width="0.3556" y2="43.2816" x2="56.9722" y1="43.2816" x1="56.388"/><wire layer="1" width="0.254" y2="39.497" x2="56.5912" y1="39.497" x1="55.9308"/><polygon spacing="0.254" layer="1" width="0"><vertex y="43.2816" x="57.0738"/><vertex y="43.2816" x="57.0738"/><vertex y="43.307" x="57.0738"/><vertex y="43.3324" x="57.0484"/><vertex y="43.3324" x="57.0484"/><vertex y="43.3578" x="57.023"/><vertex y="43.3578" x="57.023"/><vertex y="43.3832" x="56.9976"/><vertex y="43.3832" x="56.9722"/><vertex y="43.3832" x="56.9722"/><vertex y="43.3832" x="56.9468"/><vertex y="43.3832" x="56.9214"/><vertex y="43.3578" x="56.896"/><vertex y="43.3578" x="56.896"/><vertex y="43.3324" x="56.8706"/><vertex y="43.3324" x="56.8706"/><vertex y="43.307" x="56.8452"/><vertex y="43.2816" x="56.8452"/><vertex y="43.2816" x="56.8452"/><vertex y="43.2562" x="56.8452"/><vertex y="43.2308" x="56.8452"/><vertex y="43.2054" x="56.8706"/><vertex y="43.2054" x="56.8706"/><vertex y="43.18" x="56.896"/><vertex y="43.18" x="56.896"/><vertex y="43.1546" x="56.9214"/><vertex y="43.1546" x="56.9468"/><vertex y="43.1546" x="56.9722"/><vertex y="43.1546" x="56.9722"/><vertex y="43.1546" x="56.9976"/><vertex y="43.18" x="57.023"/><vertex y="43.18" x="57.023"/><vertex y="43.2054" x="57.0484"/><vertex y="43.2054" x="57.0484"/><vertex y="43.2308" x="57.0738"/><vertex y="43.2562" x="57.0738"/><vertex y="43.2816" x="57.0738"/></polygon><polygon spacing="0.254" layer="1" width="0" rank="3"><vertex y="40.894" x="51.943"/><vertex y="40.894" x="56.896"/><vertex y="33.3248" x="56.896"/><vertex y="33.3248" x="51.943"/></polygon><contactref pad="7" element="U1"/><contactref pad="2" element="L1"/></signal><signal name="5"><wire layer="1" width="0.3556" y2="42.8752" x2="59.1312" y1="42.8752" x1="58.039"/><wire layer="1" width="0.3556" y2="42.8752" x2="59.1312" y1="39.8272" x1="59.1312"/><wire layer="1" width="0.3556" y2="39.8272" x2="59.1312" y1="39.497" x1="58.801"/><wire layer="1" width="0.2032" y2="43.2816" x2="57.785" y1="43.2816" x1="57.7596"/><wire layer="1" width="0.2032" y2="42.8752" x2="58.039" y1="42.8752" x1="57.785"/><wire layer="1" width="0.2032" y2="43.2816" x2="57.785" y1="42.8752" x1="57.785"/><wire layer="1" width="0.254" y2="39.497" x2="59.1312" y1="39.497" x1="58.4708"/><polygon spacing="0.254" layer="1" width="0"><vertex y="43.2816" x="57.8612"/><vertex y="43.2816" x="57.8612"/><vertex y="43.307" x="57.8612"/><vertex y="43.3324" x="57.8358"/><vertex y="43.3324" x="57.8358"/><vertex y="43.3578" x="57.8104"/><vertex y="43.3578" x="57.8104"/><vertex y="43.3832" x="57.785"/><vertex y="43.3832" x="57.7596"/><vertex y="43.3832" x="57.7596"/><vertex y="43.3832" x="57.7342"/><vertex y="43.3832" x="57.7088"/><vertex y="43.3578" x="57.6834"/><vertex y="43.3578" x="57.6834"/><vertex y="43.3324" x="57.658"/><vertex y="43.3324" x="57.658"/><vertex y="43.307" x="57.6326"/><vertex y="43.2816" x="57.6326"/><vertex y="43.2816" x="57.6326"/><vertex y="43.2562" x="57.6326"/><vertex y="43.2308" x="57.6326"/><vertex y="43.2054" x="57.658"/><vertex y="43.2054" x="57.658"/><vertex y="43.18" x="57.6834"/><vertex y="43.18" x="57.6834"/><vertex y="43.1546" x="57.7088"/><vertex y="43.1546" x="57.7342"/><vertex y="43.1546" x="57.7596"/><vertex y="43.1546" x="57.7596"/><vertex y="43.1546" x="57.785"/><vertex y="43.18" x="57.8104"/><vertex y="43.18" x="57.8104"/><vertex y="43.2054" x="57.8358"/><vertex y="43.2054" x="57.8358"/><vertex y="43.2308" x="57.8612"/><vertex y="43.2562" x="57.8612"/><vertex y="43.2816" x="57.8612"/></polygon><polygon spacing="0.254" layer="1" width="0" rank="3"><vertex y="40.894" x="59.69"/><vertex y="33.3248" x="59.69"/><vertex y="33.3248" x="57.658"/><vertex y="40.894" x="57.658"/></polygon><contactref pad="1" element="U1"/><contactref pad="1" element="L1"/></signal><signal name="3"><wire layer="1" width="0.1981" y2="44.577" x2="58.674" y1="44.069" x1="58.166"/><wire layer="1" width="0.1981" y2="44.069" x2="58.166" y1="44.069" x1="58.166"/><wire layer="1" width="0.1981" y2="49.9364" x2="58.674" y1="44.577" x1="58.674"/><wire layer="1" width="0.1981" y2="50.038" x2="58.7756" y1="49.9364" x1="58.674"/><wire layer="1" width="0.1981" y2="50.038" x2="59.944" y1="50.038" x1="58.7756"/><wire layer="1" width="0.254" y2="50.0253" x2="60.3504" y1="50.0253" x1="59.5122"/><polygon spacing="0.254" layer="1" width="0" rank="3"><vertex y="44.069" x="58.2676"/><vertex y="44.069" x="58.2676"/><vertex y="44.0944" x="58.2676"/><vertex y="44.1198" x="58.2422"/><vertex y="44.1198" x="58.2422"/><vertex y="44.1452" x="58.2168"/><vertex y="44.1452" x="58.2168"/><vertex y="44.1706" x="58.1914"/><vertex y="44.1706" x="58.166"/><vertex y="44.1706" x="58.166"/><vertex y="44.1706" x="58.1406"/><vertex y="44.1706" x="58.1152"/><vertex y="44.1452" x="58.0898"/><vertex y="44.1452" x="58.0898"/><vertex y="44.1198" x="58.0644"/><vertex y="44.1198" x="58.0644"/><vertex y="44.0944" x="58.039"/><vertex y="44.069" x="58.039"/><vertex y="44.069" x="58.039"/><vertex y="44.0436" x="58.039"/><vertex y="44.0182" x="58.039"/><vertex y="43.9928" x="58.0644"/><vertex y="43.9928" x="58.0644"/><vertex y="43.9674" x="58.0898"/><vertex y="43.9674" x="58.0898"/><vertex y="43.942" x="58.1152"/><vertex y="43.942" x="58.1406"/><vertex y="43.942" x="58.166"/><vertex y="43.942" x="58.166"/><vertex y="43.942" x="58.1914"/><vertex y="43.9674" x="58.2168"/><vertex y="43.9674" x="58.2168"/><vertex y="43.9928" x="58.2422"/><vertex y="43.9928" x="58.2422"/><vertex y="44.0182" x="58.2676"/><vertex y="44.0436" x="58.2676"/><vertex y="44.069" x="58.2676"/></polygon><contactref pad="12" element="U1"/><contactref pad="1" element="Css"/></signal></signals></board></drawing></eagle>
